GeneID,GSM7461691,GSM7461692,GSM7461693,GSM7461694,GSM7461695,GSM7461696,GSM7461697,GSM7461698,GSM7461699,GSM7461700,GSM7461702,GSM7461703,GSM7461705,GSM7461706,GSM7461707,GSM7461708,GSM7461709,GSM7461710,GSM7461711,GSM7461712,GSM7461713,GSM7461714,GSM7461715,GSM7461717,GSM7461718,GSM7461720,GSM7461721,GSM7461722,GSM7461723,GSM7461724,GSM7461726,GSM7461727,GSM7461728,GSM7461729,GSM7461730,GSM7461731,GSM7461732,GSM7461733,GSM7461734,GSM7461735,GSM7461736,GSM7461737,GSM7461738,GSM7461739,GSM7461740,GSM7461741,GSM7461743,GSM7461744,GSM7461745,GSM7461746,GSM7461747,GSM7461748,GSM7461749,GSM7461750,GSM7461751,GSM7461752,GSM7461753,GSM7461754,GSM7461755,GSM7461756,GSM7461759,GSM7461760,GSM7461761,GSM7461762,GSM7461764,GSM7461765,GSM7461766,GSM7461767,GSM7461768,GSM7461769,GSM7461770,GSM7461771,GSM7461772,GSM7461774,GSM7461775,GSM7461776,GSM7461777,GSM7461778,GSM7461779,GSM7461780,GSM7461781,GSM7461782,GSM7461783,GSM7461784,GSM7461785,GSM7461786,GSM7461787,GSM7461789,GSM7461790,GSM7461791,GSM7461792,GSM7461793,GSM7461794,GSM7461795,GSM7461796,GSM7461797,GSM7461798,GSM7461799,GSM7461800,GSM7461801,GSM7461802,GSM7461803,GSM7461804,GSM7461805,GSM7461806,GSM7461807,GSM7461808,GSM7461809,GSM7461811,GSM7461812,GSM7461813,GSM7461814,GSM7461815,GSM7461816,GSM7461817,GSM7461818,GSM7461819,GSM7461820,GSM7461821,GSM7461822,GSM7461823,GSM7461824,GSM7461825,GSM7461826,GSM7461827,GSM7461828,GSM7461829,GSM7461830,GSM7461831,GSM7461832,GSM7461833,GSM7461834,als_mean,control_mean,score,Symbol,importance
28774,2.272,0.0,10.77,1.89,3.034,5.895,0.0,2.295,0.7562,5.387,1.92,1.236,5.566,35.57,1409.0,3.876,0.0,4.949,29.33,10.37,2.364,2.203,3.734,1.365,2.607,1.572,2.866,4.03,0.729,7.929,0.6212,9.044,0.0,1.292,0.1739,0.2891,1.36,4.944,4.659,1.426,4.683,4.095,0.0,40.47,3.916,2.557,2.569,10.57,0.8471,4.933,3.529,2.076,0.2418,0.9725,4.971,18.14,0.0,0.4481,1.132,35.1,1.498,0.1571,1.545,3.745,1.154,3.638,4.805,0.4123,2.081,0.0,3.116,2.751,9.2,2.954,0.9196,9.178,4.092,0.3644,2.957,2.031,2.358,3.083,0.0,11.94,1.192,0.7111,5.437,2.28,5.843,4.571,2.699,7.415,8.622,0.8742,2.101,5.062,0.5827,3.874,0.2344,0.7775,1.096,12.27,2.496,0.0,3.416,1.194,4.834,2.618,0.0,4.908,0.0,1.152,1.394,2.406,5.366,3.857,12.13,2.3,0.1511,4.423,0.4293,0.0,1.602,1.952,4.419,5.55,6.095,0.0,15.15,6.81,0.1468,2.858,20.98206279069767,3.5086086956521743,2.2855725664285282,IGLV8-61,2.2855725664285282
3429,0.7149,0.8005,1.553,13.63,2.062,1.02,4.711,2.411,0.3271,10.36,0.3909,1.48,1.003,1.423,63.08,0.2187,3.361,1.142,2.115,3.7,1.406,4.492,2.21,1.359,1.692,57.58,2.657,1.676,11.35,1.506,0.0,1.647,1.956,19.14,1.354,2.251,1.838,0.3565,8.733,5.142,2.476,1.107,0.3454,1.932,1.92,1.659,16.8,0.9631,1.466,0.4268,3.523,0.998,0.4184,1.157,2.346,4.413,0.8381,1.163,6.853,2.088,3.673,4.348,4.678,67.35,0.9985,1.495,1.59,0.5351,0.3,5.167,0.6741,21.42,2.819,5.459,4.774,2.256,105.8,2.364,0.7405,0.2929,315.3,2.371,9.165,1.188,159.8,9.613,6.851,1.398,2.298,2.675,14.22,2.108,2.21,1.008,4.393,2.527,1.765,0.2031,2.13,1.177,1.303,0.6211,1.898,1.603,1.364,6.372,1.353,5.836,8.616,2.123,4.571,1.246,8.714,4.243,1.907,1.919,0.6842,1.628,6.992,3.827,1.857,0.8338,12.05,1.93,0.3325,1.2,1.032,0.1807,1.257,1.631,30.8,1.319,11.987354651162793,3.613182608695652,1.4932732967673688,IFI27,1.4932732967673688
28750,0.0,0.0,35.75,0.0,38.25,0.0,0.0,2.893,0.0,3.521,0.6646,7.829,0.0,24.19,0.0,0.0,0.0,0.0,4.424,3.049,50.42,5.554,0.0,0.0,0.0,0.0,0.8029,0.0,0.0,1.138,3.655,0.0,0.0,0.0,0.0,0.0,25.0,2.424,0.0,2.797,0.0,0.0,4.698,9.851,1.536,0.0,0.0,1.637,1.661,0.0,0.7986,0.0,1.423,0.0,0.0,0.0,0.0,2.636,0.0,0.0,0.0,0.0,5.049,3.147,0.0,1.07,6.652,2.426,1.36,0.0,9.168,0.0,0.0,6.319,0.0,33.13,0.0,15.01,0.0,0.0,1.982,0.0,0.0,1.864,1.402,0.0,4.172,2.236,0.0,3.955,2.887,0.0,3.757,1.714,20.6,192.4,0.0,39.36,13.79,4.574,30.61,0.0,2.67,3.633,3.092,0.0,15.06,2.369,0.0,51.33,0.0,2.259,0.7453,0.0,28.19,1.135,32.57,0.0,0.0,5.782,2.526,1.89,0.0,0.0,0.0,0.0,3.118,0.0,0.0,4.293,6.046,1.121,3.7811755813953485,10.606180434782608,-1.279455970399099,TRAJ5,1.279455970399099
28721,0.0,0.0,0.0,0.0,3.957,0.0,0.0,1.995,1.151,3.643,0.0,4.05,2.823,0.0,2.342,0.0,1.891,2.008,2.288,26.81,0.0,0.0,4.784,0.0,23.8,0.0,0.0,1.887,0.0,3.531,24.58,0.0,0.0,0.0,10.58,0.0,0.0,1.254,0.0,0.0,0.0,3.116,0.0,3.397,0.0,7.781,0.0,11.86,0.0,0.0,3.305,1.404,0.0,0.0,0.0,0.0,0.0,4.545,1.148,0.0,0.0,0.0,0.0,0.0,1.405,0.0,1.72,0.0,5.628,0.0,1.897,0.0,0.0,0.0,1.119,1.27,2.668,0.0,0.0,0.0,0.0,2.085,0.0,0.0,0.0,4.328,1.439,30.07,0.0,0.0,1.493,0.0,1.943,3.547,2.131,0.0,2.364,2.143,0.0,2.366,0.0,6.355,0.9208,0.0,0.0,7.268,1.731,2.451,0.0,0.0,0.0,0.0,0.771,25.9,0.0,3.522,0.0,0.0,0.0,2.991,62.71,1.955,1.084,0.0,10.52,35.47,56.45,0.8474,1.263,0.7401,3.574,17.39,2.1168604651162792,6.334984782608695,-1.2347004026678448,TRAJ34,1.2347004026678448
3046,13.7,36.96,16.28,0.119,0.0,252.1,40.88,44.59,40.7,93.26,39.3,24.45,0.0,0.1165,0.0,89.27,150.7,0.1869,26.2,0.0,84.4,1.961,19.48,6.654,86.98,58.98,18.1,48.39,241.2,0.9862,27.81,0.0,181.3,0.366,0.09852,28.83,14.16,8.988,110.6,0.2694,444.3,248.0,0.0,12.49,84.31,0.0,0.08564,0.0,8.16,15.93,15.31,5.49,145.8,21.49,48.65,11.77,0.4391,6.855,18.49,41.52,0.0,0.0,18.87,10.0,0.1308,14.53,0.1602,0.0,9.824,25.89,260.3,0.5844,21.61,468.0,8.65,0.1182,11.59,217.8,24.47,0.0,12.6,0.0,472.1,6.225,7.631,0.0,0.1339,47.7,30.4,42.66,30.31,10.56,0.0,0.1651,10.91,0.0,6.274,5.188,60.96,48.46,38.95,0.07396,14.32,32.19,25.61,0.0,0.1611,11.52,34.36,0.4634,119.4,14.14,13.57,18.98,46.91,0.1093,31.67,14.22,0.1712,15.87,17.03,22.93,37.73,31.92,37.56,0.1572,16.82,9.941,64.34,14.68,30.86,31.09,52.65742860465116,22.64061217391304,1.1825105241733196,HBE1,1.1825105241733196
28702,0.0,0.0,0.0,0.0,0.0,2.102,0.0,0.0,0.0,0.0,0.6042,0.0,0.0,2.199,0.0,0.0,0.0,0.0,0.0,1.386,1.581,0.0,0.0,2.921,0.0,0.0,0.0,0.0,0.0,1.034,0.0,0.0,0.0,0.0,0.0,1.546,0.0,0.0,0.0,0.0,0.0,0.0,0.0,13.43,0.0,0.0,0.0,0.0,0.0,0.0,0.0,4.935,1.293,0.0,0.0,0.0,20.72,0.0,0.0,2.347,2.671,0.0,0.0,2.861,0.0,0.0,0.0,0.0,0.0,0.0,0.0,0.0,0.0,0.0,0.0,0.0,0.0,0.0,20.81,0.0,0.0,0.0,0.0,18.08,0.0,0.9508,0.0,0.0,0.0,21.57,1.312,0.0,0.0,1.558,0.0,0.0,31.17,0.0,0.0,1.04,1.465,4.189,65.95,0.0,29.51,0.0,0.0,0.0,0.0,0.0,0.0,2.053,0.0,0.0,0.0,0.0,0.0,0.0,0.0,0.0,2.296,0.0,0.0,0.0,1.028,0.0,0.0,0.0,0.0,0.0,0.0,14.27,1.1798953488372093,3.8567608695652176,-1.1557355781085499,TRAJ53,1.1557355781085499
28703,1.057,0.0,19.78,0.0,0.0,2.011,0.0,0.0,0.9671,0.0,0.0,27.72,0.0,0.0,3.936,0.0,0.0,0.0,0.0,1.326,0.0,0.0,0.0,0.0,0.0,0.0,0.0,0.0,0.0,47.49,0.0,0.0,13.5,8.262,0.0,0.0,0.8695,0.0,0.0,0.0,0.0,5.238,0.0,44.26,0.0,0.0,0.0,0.0,2.889,42.9,0.6944,0.0,0.0,0.0,0.0,0.0,0.0,0.0,0.0,29.18,0.0,16.87,0.0,2.737,0.0,15.82,17.35,0.0,0.0,0.0,0.0,0.0,0.0,0.0,8.469,0.0,0.0,0.0,0.7961,0.0,0.0,0.0,2.007,1.081,19.51,0.0,0.0,1.944,0.0,0.0,0.0,0.0,45.74,0.0,0.0,0.0,0.9938,1.802,3.598,0.9944,0.0,0.0,1.161,0.0,0.0,0.0,0.0,0.0,0.0,0.0,0.0,0.0,0.0,0.0,0.0,0.0,0.0,0.0,0.0,0.0,0.0,0.0,0.0,0.0,0.0,0.0,0.0,0.0,0.0,0.0,0.7511,0.0,3.9153500000000014,1.2387891304347827,1.1345754996369801,TRAJ52,1.1345754996369801
28697,0.0,7.777,0.0,0.0,0.0,0.0,0.0,0.0,0.0,0.0,5.063,0.5326,0.0,0.0,0.0,6.609,0.0,0.0,2.107,0.0,0.0,0.0,4.404,0.0,0.0,0.0,0.0,0.0,0.0,6.501,0.0,8.002,0.0,3.62,0.0,0.0,0.0,0.0,0.0,0.0,0.0,0.0,0.0,0.0,0.0,0.0,0.0,0.0,1.582,0.0,0.0,0.0,0.0,0.0,0.0,0.0,2.171,2.511,0.0,0.0,0.0,0.0,0.0,0.0,2.586,0.0,4.751,0.0,0.0,0.0,0.0,3.853,0.0,6.018,0.0,5.844,0.0,0.0,0.0,0.0,0.0,0.0,0.0,0.0,0.0,0.0,0.0,0.0,0.0,2.26,0.0,1.187,0.0,0.0,0.0,45.82,0.0,0.6577,3.94,0.0,0.0,14.63,27.55,0.0,4.417,0.0,0.0,0.0,0.0,0.0,0.0,0.0,3.549,0.0,3.222,0.0,0.0,0.0,0.0,8.26,0.0,0.0,0.0,0.0,12.92,0.0,0.0,0.0,0.0,0.0,0.0,0.0,0.8596697674418603,2.7915804347826088,-1.0277528724617269,TRAJ58,1.0277528724617269
28506,0.0,0.0,0.0,0.0,0.0,0.0,0.0,0.0,0.0,0.0,0.0,0.0,0.0,0.0,0.0,0.0,0.0,0.0,0.0,0.0,0.0,0.0,0.0,0.0,0.0,0.0,0.0,0.0,0.0,0.0,21.93,0.0,0.0,0.0,0.0,0.0,0.0,0.0,0.0,0.0,0.0,0.0,0.0,0.0,0.0,0.0,0.0,0.0,0.0,0.0,0.0,0.0,0.0,0.0,0.0,0.0,0.0,0.0,0.0,0.0,0.0,0.0,0.0,0.0,0.0,0.0,0.0,0.0,0.0,0.0,0.0,0.0,0.0,0.0,0.0,3.682,0.0,0.0,0.0,0.0,0.0,0.0,0.0,0.0,0.0,0.0,0.0,13.42,9.375,0.0,0.0,0.0,0.0,0.0,0.0,0.0,0.0,8.287,0.0,6.861,0.0,4.607,1.335,10.9,0.0,0.0,0.0,0.0,0.0,0.0,0.0,3.388,0.0,6.532,3.383,0.0,0.0,0.0,0.0,0.0,0.0,0.0,0.0,0.0,0.0,0.0,4.677,0.0,0.0,2.146,0.0,0.0,0.2978139534883721,1.6284999999999996,-1.018156152510685,IGHD1-26,1.018156152510685
3044,0.3315,0.4949,0.1477,0.7863,0.2318,0.2102,0.6067,0.3507,0.1011,64.02,0.9667,0.2542,0.2481,0.11,1.235,0.0,0.1662,1.235,0.2011,0.1386,0.4742,3.703,0.3153,0.1461,0.1743,0.4671,1.387,0.2487,0.7798,1.655,0.8307,0.8911,0.6047,1.209,0.186,0.3092,188.9,0.1102,1.384,0.5086,1.392,0.8214,0.5339,0.1493,0.6981,0.8548,0.2425,0.5953,0.3021,0.2638,1.234,0.2468,0.2587,7.022,1.209,1.415,1.036,0.2397,0.1009,0.9386,0.8014,1.68,0.5508,0.2861,1.111,0.3892,0.1512,0.6616,0.0,1.278,0.3334,0.5517,0.5125,0.5745,0.3935,0.2231,0.7817,1.169,0.4578,0.5433,3.423,0.5496,1.679,1.525,0.6374,0.8557,1.011,0.2033,1.42,1.294,5.118,0.2266,0.1708,0.0,0.1873,0.2083,0.6234,0.4395,0.8776,0.2079,1.318,0.1396,0.1214,0.4403,0.2811,2.768,1.065,0.2154,348.7,0.1458,1.443,0.7187,0.7453,0.7918,0.41,0.6189,0.987,0.0,0.6464,0.5257,0.6888,0.1718,0.5714,0.7458,0.0,0.7421,0.4252,0.1489,0.2221,0.5203,0.157,0.1019,3.683641860465116,8.229660869565219,-0.9786468762352707,HBBP1,0.9786468762352707
28752,28.23,2.634,0.0,0.0,7.403,26.85,0.0,1.867,0.0,0.0,0.0,5.412,0.0,0.0,4.381,3.837,0.0,1.878,14.99,1.475,5.048,0.0,0.0,0.0,1.856,0.0,0.777,0.8825,0.0,7.707,0.0,4.065,2.146,0.0,0.0,0.0,0.0,9.384,2.947,0.0,0.0,0.0,3.41,14.3,1.486,0.0,0.0,0.0,0.0,0.0,0.0,1.313,2.753,0.0,0.0,0.0,2.206,5.103,1.074,2.498,0.0,0.0,0.0,0.0,0.0,3.107,3.219,0.0,15.79,0.0,1.774,0.0,2.182,0.0,0.0,3.563,0.8321,0.0,0.0,3.855,0.0,5.851,0.0,5.413,0.0,3.036,1.346,0.0,0.0,0.0,0.0,1.206,1.818,3.318,29.9,8.868,2.212,0.6683,0.0,1.107,23.39,14.86,9.906,1.172,1.496,1.133,1.619,0.0,0.0,35.7,2.56,0.0,0.0,2.107,1.091,4.393,43.53,9.524,0.8601,27.98,7.333,3.658,0.0,3.176,10.94,0.0,0.0,4.756,4.728,0.0,1.672,2.169,2.5178441860465113,5.873834782608696,-0.9664235922294514,TRAJ3,0.9664235922294514
102723170,0.8263,0.0,4.143,0.0,1.95,0.786,0.0,0.9836,1.512,1.397,1.807,1.806,0.4639,6.579,6.54,1.011,0.0,2.31,0.752,0.5183,0.0,1.888,1.769,0.1365,0.6519,1.397,3.003,0.0,0.0,2.514,0.0,3.808,0.0,0.323,2.434,0.0,0.17,2.06,0.0,0.0,0.0,1.024,0.0,2.512,1.566,0.6393,0.0,3.896,0.0,0.4933,1.222,4.614,0.9672,0.0,0.0,6.801,0.0,1.195,0.0,3.51,0.9989,0.0,2.06,0.0,0.0,0.0,5.37,0.0,0.2312,12.84,1.87,0.0,0.1917,0.0,0.0,0.6258,1.023,1.093,0.3891,0.6772,1.01,1.713,1.962,0.2113,2.145,0.5333,1.182,1.9,0.5312,0.941,0.0,7.203,0.3193,0.2914,1.401,3.505,0.3885,0.7043,2.344,2.915,0.2739,5.613,3.782,0.0,1.314,0.5971,1.706,9.263,1.189,84.79,1.124,1.536,0.8868,0.0,2.683,1.35,0.0,1.464,1.662,1.966,0.0,0.3212,0.2671,0.5578,2.306,5.273,5.565,1.392,3.944,0.1216,0.0,0.0,1.359579069767442,3.5776782608695648,-0.9560865504145464,IGHV3-64D,0.9560865504145464
28747,0.0,0.0,0.0,0.0,0.0,0.0,25.36,0.9645,0.0,0.0,0.0,0.5592,0.0,0.0,0.0,1.983,0.0,0.0,4.424,30.49,0.0,0.0,1.156,16.07,1.918,2.055,0.8029,31.01,0.0,0.0,1.827,22.4,0.0,0.0,0.0,0.0,0.0,0.0,0.0,0.0,0.0,0.0,1.175,0.0,1.536,1.881,7.114,0.0,0.0,0.0,1.597,0.0,0.0,0.0,0.0,0.0,0.0,0.0,0.0,0.0,0.0,0.0,0.0,3.147,1.358,0.0,9.978,0.0,2.72,0.0,0.0,0.0,5.638,0.0,0.0,0.0,0.0,0.0,1.373,1.992,0.0,0.0,0.0,1.243,0.0,60.66,0.0,0.0,0.0,0.0,0.0,0.0,0.0,1.714,0.0,0.0,0.0,0.6906,0.0,0.0,0.0,0.0,1.335,0.0,0.0,0.0,0.0,0.0,0.0,3.208,0.0,0.0,0.0,0.0,1.128,2.269,0.0,1.23,0.8887,2.891,5.051,0.0,1.047,0.0,18.09,0.0,0.0,3.277,0.0,0.0,0.0,2.242,2.818972093023256,0.9795934782608695,0.9479801831764796,TRAJ8,0.9479801831764796
28828,0.0,0.0,0.0,0.0,10.06,3.651,0.0,0.0,0.0,0.0,2.099,6.181,0.0,0.0,10.72,0.0,0.0,0.0,3.493,2.407,2.745,0.0,0.0,0.0,3.028,1.623,2.536,4.32,0.0,1.796,0.0,8.844,0.0,0.0,0.0,0.0,1.579,0.0,0.0,0.0,0.0,9.511,0.0,2.592,2.425,0.0,0.0,0.0,0.0,0.0,0.0,0.0,0.0,0.0,0.0,0.0,0.0,1.388,0.0,0.0,0.0,0.0,0.0,0.0,0.0,1.69,2.626,3.83,2.147,0.0,2.895,0.0,1.78,2.494,0.0,0.0,0.0,0.0,0.0,0.0,0.0,0.0,0.0,0.0,2.214,0.0,2.196,1.765,0.0,1.249,0.0,0.0,0.0,0.0,3.253,7.235,0.0,0.0,10.89,0.0,0.0,0.0,0.7027,1.912,2.441,0.0,2.642,1.871,2.761,5.065,0.0,0.0,1.177,1.719,3.561,1.792,2.449,11.65,0.0,0.0,3.988,0.0,0.0,0.0,0.0,67.03,0.0,0.0,0.0,0.0,5.455,1.77,1.170627906976744,3.142906521739131,-0.9325308307944691,IGLJ6,0.9325308307944691
28775,3.532,4.187,3.611,1.901,11.55,9.881,3.194,6.1,2.662,2.207,3.295,6.979,2.799,5.583,11.99,6.778,0.0,12.61,8.697,11.47,6.242,0.6329,1.779,0.2746,0.9834,1.932,7.275,5.144,0.0,4.862,1.562,0.7181,0.0,0.0,5.596,0.5814,0.1709,9.945,6.768,1.913,4.187,4.119,1.405,3.929,4.2,4.5,4.864,7.836,1.988,5.953,4.232,5.104,0.2432,2.69,1.818,34.58,2.338,1.502,0.7587,7.942,1.005,0.6318,2.244,1.076,0.4642,2.561,4.264,8.708,1.86,0.0,4.388,3.112,12.34,4.051,1.11,8.391,21.02,1.099,3.678,4.086,2.71,0.689,2.367,4.356,3.236,1.073,6.656,3.058,0.0,14.33,2.714,19.18,11.88,0.5861,1.761,3.133,1.172,8.854,7.544,2.15,0.2754,12.08,2.51,0.621,5.549,1.401,1.716,9.518,0.5979,164.5,1.583,0.9653,1.529,1.675,35.27,2.134,5.567,35.33,6.077,1.483,3.454,1.292,5.372,7.293,5.024,2.233,9.595,2.381,4.802,2.079,1.181,1.341,4.419932558139536,9.118406521739132,-0.9006353028869358,IGLV7-46,0.9006353028869358
91543,0.294,2.853,7.391,3.328,4.75,0.7086,2.174,0.2022,0.305,3.938,0.07503,1.091,0.3962,0.4097,0.7667,0.5756,1.032,0.5635,6.387,15.57,1.879,0.5375,0.5967,8.552,0.5876,22.84,0.6734,0.6913,0.8647,2.771,0.9727,0.2936,0.3218,0.3678,0.6435,1.097,0.3225,0.3714,3.635,0.4963,1.284,0.1943,0.4168,1.245,0.4954,0.546,28.83,0.6338,0.7235,0.1404,1.662,3.437,0.2983,0.5537,0.8577,0.1793,0.5147,1.432,21.39,0.791,0.09479,0.149,21.27,10.36,0.898,3.021,0.7242,1.056,0.1536,1.644,2.632,6.917,0.6911,4.433,0.576,4.81,26.14,16.29,0.3839,0.5783,8.246,0.52,2.122,0.8821,37.31,8.282,1.75,0.4328,0.0,0.8802,0.3725,1.186,0.7272,0.2765,2.027,1.219,0.3318,0.5792,0.6228,0.5164,0.2599,0.7555,3.036,0.9179,0.6482,0.5288,0.3508,6.057,0.9309,3.881,0.32,0.4008,3.474,0.9483,1.0,5.912,0.8255,0.6349,0.5017,1.679,1.1,0.4877,2.745,0.8469,0.2553,0.632,0.5532,0.7003,0.5712,0.6231,22.07,0.7774,3.803886279069767,1.6379499999999998,0.8647847791243602,RSAD2,0.8647847791243602
109910381,8.361,9.362,4.347,6.139,5.847,8.836,3.061,17.69,25.93,43.96,104.4,78.22,228.4,9.246,123.7,79.18,48.91,54.15,108.2,934.6,86.38,150.7,139.6,371.5,846.4,327.1,404.7,266.3,827.7,241.8,1298.0,770.1,285.5,252.0,448.8,100.1,235.0,203.8,169.9,94.08,394.3,229.0,357.3,353.9,441.9,189.0,1646.0,265.3,235.5,393.7,219.1,203.3,257.2,231.2,34.55,169.9,300.6,327.1,349.4,111.5,259.4,55.09,363.5,346.4,79.92,604.1,727.7,1258.0,673.6,104.7,236.8,215.7,522.3,155.8,127.4,593.3,74.59,182.7,205.7,476.6,149.9,459.8,71.45,290.7,151.4,294.2,10.1,914.8,201.8,74.66,97.64,213.4,196.7,535.9,966.8,106.8,760.4,735.8,133.9,4429.0,122.5,84.23,484.7,640.0,611.4,138.3,95.91,49.8,160.4,435.2,135.5,456.7,240.7,168.1,221.1,392.5,257.2,173.5,206.5,963.5,641.9,863.1,183.5,28.22,1646.0,407.4,855.6,787.3,205.4,157.2,1249.0,1011.0,288.5174302325581,509.80565217391313,-0.8191242813932281,RNA5-8SN3,0.8191242813932281
28834,4.786,2.041,6.703,1.158,7.649,3.902,2.753,10.49,3.962,8.583,3.364,4.404,3.582,32.43,58.99,3.532,0.6856,7.279,3.318,4.288,1.304,1.041,4.335,3.766,1.438,0.578,9.485,1.539,0.8042,9.386,0.6853,11.03,0.4157,0.0,0.5754,0.9567,0.9374,1.136,0.571,2.623,5.166,7.341,3.524,0.9236,3.168,2.468,4.168,0.6139,1.869,8.706,5.391,9.67,0.5335,0.2682,0.0,1.667,0.0,0.1648,1.04,13.55,1.102,0.693,4.355,2.951,0.5092,3.211,1.871,6.368,1.785,5.271,1.719,4.172,6.343,6.22,0.0,5.522,7.416,0.0,6.094,6.349,1.858,0.3778,0.0,4.312,7.362,2.549,7.562,2.096,1.758,17.65,4.872,7.011,8.102,0.6429,2.704,1.718,1.286,4.661,27.41,2.573,2.719,3.888,1.419,3.406,4.637,0.4391,7.215,93.07,0.9838,9.023,1.24,2.329,3.633,1.837,10.36,0.2128,2.326,86.04,0.4999,0.0,1.421,0.0,1.768,1.538,1.484,41.02,2.923,4.915,4.809,5.903,2.753,2.732,4.478468604651164,8.621510869565219,-0.8124907854911031,IGLC7,0.8124907854911031
3434,0.5553,5.423,7.032,6.508,4.951,1.702,4.472,0.7221,0.7904,3.798,0.8012,2.527,1.178,0.9364,1.293,0.7926,1.299,1.33,10.02,24.05,2.052,3.36,1.599,11.13,1.363,18.45,2.007,1.319,1.007,4.996,2.226,1.351,0.4783,0.3135,0.5712,2.353,0.4695,2.169,5.14,2.414,1.748,0.3058,0.5962,2.417,0.916,0.883,26.96,0.748,0.8433,0.847,4.5,4.823,0.686,1.815,2.902,1.608,0.4339,1.862,24.26,1.212,0.7831,0.2814,19.61,7.309,1.086,4.278,1.414,1.539,0.5178,3.835,5.794,6.392,1.316,5.613,1.016,5.373,23.1,29.6,1.272,0.7836,7.016,0.7928,2.431,1.759,33.14,11.32,3.106,0.8088,0.4759,2.349,0.9892,1.408,1.168,0.7179,4.183,2.995,0.8847,1.455,1.12,0.3773,0.6134,2.339,3.677,1.598,1.334,0.9956,0.9979,5.382,1.665,5.231,0.2518,0.8743,4.616,2.003,2.075,7.603,0.7873,0.8743,1.342,3.816,2.276,1.607,2.805,2.186,0.4304,2.279,1.266,0.6757,0.8214,1.226,16.21,1.721,4.682411627906976,2.2525413043478264,0.8049359646322296,IFIT1,0.8049359646322296
28725,0.0,0.0,1.71,0.0,0.0,0.0,0.0,1.015,0.0,0.0,0.6996,1.177,0.0,0.0,0.0,0.0,0.0,0.0,2.329,0.0,1.83,0.0,0.0,0.8456,0.0,9.735,0.0,0.0,0.0,0.0,7.694,4.422,0.0,0.0,0.0,0.0,0.0,0.0,3.206,0.0,0.0,0.0,0.0,8.642,0.0,7.918,0.0,0.0,0.0,0.0,0.0,4.286,0.0,1.506,25.19,0.0,0.0,6.475,0.0,0.0,0.0,14.59,0.0,13.25,18.58,2.253,5.251,0.0,1.432,0.0,0.0,0.0,1.187,0.0,0.0,1.292,0.0,2.257,30.36,0.0,0.0,0.0,0.0,0.6542,0.7381,0.0,21.96,2.354,0.0,0.0,0.0,3.936,0.0,0.0,0.0,28.94,12.03,2.908,0.0,1.204,0.0,0.8083,0.0,2.549,1.627,0.0,0.0,34.92,0.0,0.0,11.14,1.189,0.0,0.0,0.0,1.194,26.12,0.0,0.0,0.0,5.317,1.989,0.0,0.0,7.139,0.0,0.0,0.0,0.0,2.259,29.09,0.0,2.099122093023256,4.318984782608696,-0.7792913170120772,TRAJ30,0.7792913170120772
28473,3.512,5.552,3.314,0.6301,3.684,6.288,1.588,2.787,1.134,2.394,2.372,3.802,0.4639,5.551,0.3847,0.674,0.0,3.299,11.28,3.887,2.66,2.517,4.913,0.2731,0.0,1.048,6.824,2.325,0.3645,3.288,0.6212,5.474,0.0,0.0,1.739,0.0,2.209,8.241,1.553,0.0,2.082,0.0,1.597,5.582,1.827,1.279,0.0,5.287,0.0,7.399,0.0,12.92,0.9672,1.216,0.9038,0.0,2.712,0.1494,0.1886,2.632,5.494,0.0,1.716,9.095,2.77,0.9096,7.914,1.649,2.081,0.0,2.493,2.063,6.9,4.028,0.3678,0.0,0.4384,0.7287,1.945,0.6772,0.3368,6.85,0.7846,0.4225,5.482,1.422,7.328,3.991,2.125,0.0,1.227,0.0,5.748,0.8742,2.451,7.788,1.36,2.935,4.454,5.637,3.013,2.61,2.269,0.8233,2.365,0.7961,2.559,58.19,2.378,5.998,1.349,25.15,3.674,2.036,6.324,2.314,7.118,0.8364,5.287,6.88,3.434,0.6424,3.116,1.673,2.114,5.55,9.275,0.2785,9.756,2.432,1.908,3.239,2.557629069767442,5.028389130434784,-0.7608564471421015,IGHV1-3,0.7608564471421015
28707,0.0,2.592,21.67,0.0,1.214,0.0,0.0,0.0,0.0,7.825,0.6329,1.598,0.0,0.0,0.0,0.9441,0.0,5.546,6.32,0.0,0.0,0.0,1.101,0.0,0.0,0.9787,0.0,0.0,4.085,0.0,5.221,0.0,0.0,0.0,0.0,0.0,0.0,0.0,0.0,0.0,0.0,0.0,0.0,0.0,0.0,0.0,0.0,0.0,0.0,0.0,2.282,1.293,1.355,0.0,0.0,0.0,0.0,3.348,0.0,0.0,0.0,0.0,0.0,0.0,2.586,1.019,30.09,0.0,0.0,0.0,1.746,0.0,0.0,0.0,0.0,0.0,0.0,0.0,1.744,0.0,0.0,0.0,0.0,0.0,0.6678,0.0,0.0,0.0,0.0,0.0,6.874,0.0,0.0,1.633,0.0,0.0,1.088,17.76,1.313,0.0,0.0,34.37,0.0,1.153,2.944,0.0,0.0,33.85,0.0,0.0,0.0,0.0,0.0,0.0,0.0,0.0,7.385,0.0,0.0,0.0,0.0,0.0,0.0,0.0,0.0,0.0,0.0,0.0,13.96,2.726,0.0,0.0,1.2309127906976742,2.7186086956521742,-0.7371288251714985,TRAJ48,0.7371288251714985
170949,0.0,0.0,0.0,0.1495,0.0,0.0,0.1615,0.0,48.44,0.0,0.0,0.06765,0.0,0.0,0.2738,0.0,0.0,0.2348,0.0,0.0,0.0,0.2239,2.377,0.09718,0.0,0.0,0.1943,0.1103,0.0,0.0,0.0,0.0,0.0,0.6896,0.0,0.0,0.0,0.0,0.0,0.3384,0.3703,0.0,0.0,0.0,0.0,0.0,0.0,0.0,0.0,0.0,0.0,0.0,4.991,0.0,0.0,0.0,0.0,0.0,0.0,0.0,0.3555,0.2236,0.2443,0.0,0.1643,0.2589,0.0,0.0,0.0,0.0,0.0,0.9788,0.1364,0.0,0.0,0.0,0.0,0.0,0.0,0.0,0.4794,0.0,0.2792,1.654,0.08482,0.0,0.0,0.0,0.0,0.0,0.1746,0.1508,0.0,0.0,0.0,0.0,0.4147,0.0,0.0,0.0,0.0,0.0,0.0,0.0,0.0,0.0,0.6072,0.0,0.0,0.0,0.16,0.0,0.0,0.0,0.1364,0.1373,0.0,0.0,0.0,0.0,0.3055,0.0,0.0,0.0,0.0,0.0,0.0,0.0,0.0,0.0,0.0,0.0,0.7392843023255814,0.045358695652173917,0.7344957123666799,DEFT1P,0.7344957123666799
28719,4.944,0.0,6.61,0.0,0.0,0.0,0.0,1.962,0.0,0.0,0.0,0.0,0.0,1.23,0.0,0.0,0.0,0.0,2.25,3.101,0.0,0.0,4.703,0.0,1.95,4.18,0.0,1.855,0.0,10.41,11.15,4.272,4.509,0.0,0.0,0.0,1.017,3.698,6.194,0.0,3.113,0.0,2.389,30.05,0.0,0.0,0.9043,1.665,3.379,0.0,0.0,0.0,11.57,0.0,18.93,0.0,0.0,1.787,2.257,0.0,0.0,0.9397,0.0,0.0,0.0,2.177,1.691,2.467,4.149,0.0,1.865,0.0,2.293,0.0,1.1,1.248,0.0,2.18,0.4655,0.0,0.0,0.0,0.0,0.0,0.0,0.0,0.0,1.137,0.0,0.0,5.872,0.0,0.0,0.0,4.19,32.62,4.649,11.94,0.0,2.326,0.0,4.686,0.0,3.694,0.0,0.0,5.104,0.0,0.0,3.262,0.0,0.0,3.79,0.0,10.32,3.462,29.97,7.506,0.9038,0.0,0.0,1.922,0.5326,1.669,3.449,4.981,0.0,7.498,0.0,2.91,14.05,5.7,1.9843546511627908,3.8726826086956523,-0.7072972619022494,TRAJ36,0.7072972619022494
28452,4.751,12.03,15.47,3.78,25.35,7.86,4.538,8.361,6.239,5.187,5.535,9.125,6.03,19.12,46.55,21.4,0.9322,4.619,13.54,9.329,17.14,2.203,12.18,4.233,1.63,3.843,9.553,9.145,0.3645,17.21,1.864,13.33,3.392,3.876,3.651,2.891,1.7,6.387,3.106,14.26,0.0,11.77,0.5989,14.79,4.699,9.269,6.499,19.2,5.648,11.35,3.665,23.3,2.176,1.702,2.712,31.74,4.262,2.987,5.281,16.67,2.997,1.257,4.806,5.35,2.077,7.277,14.7,7.834,3.468,2.389,3.74,1.031,14.95,12.35,1.471,27.74,14.47,1.457,44.66,2.37,7.41,1.37,2.746,10.67,5.959,2.133,9.455,4.371,1.593,21.11,2.454,21.19,22.99,5.828,2.101,5.452,5.245,11.74,10.08,6.414,5.478,13.57,6.43,0.8233,3.941,2.189,4.55,25.77,1.486,272.4,4.721,5.567,3.42,4.626,16.87,4.436,21.35,5.646,8.308,8.845,5.152,4.818,19.94,7.251,11.34,14.99,8.48,6.405,23.87,6.81,4.257,10.29,8.682623255813951,14.653310869565216,-0.6929979709461429,IGHV3-7,0.6929979709461429
28804,2.559,1.433,1.14,0.4336,0.4473,1.623,0.4684,6.599,1.756,0.2059,3.265,1.962,1.436,2.334,207.3,1.913,0.6415,0.6811,0.7762,2.14,1.525,0.9744,3.245,0.7047,0.0,0.3606,3.381,0.9599,0.0,1.796,2.885,5.159,0.0,0.3334,0.3589,0.5967,1.579,4.04,2.671,2.945,0.0,1.585,0.0,2.016,0.8083,1.32,1.248,0.8617,0.8744,1.018,0.1401,3.572,0.0,0.0,0.9329,2.73,0.3999,2.621,2.336,0.9057,0.0,0.0,1.772,2.761,0.4765,1.314,1.75,3.83,0.9544,0.6165,0.965,1.065,3.561,2.217,0.5695,1.722,1.659,0.7522,0.7228,0.3495,1.043,1.414,0.0,0.109,1.23,0.0,4.148,3.138,1.096,1.388,0.7597,3.061,6.262,1.504,2.53,4.019,0.802,1.817,3.629,2.608,1.131,3.368,1.874,0.2124,2.17,1.438,1.468,4.365,0.3068,0.5628,0.6961,1.189,2.354,1.146,5.341,0.9954,1.905,0.2158,0.0,2.029,1.329,0.6631,2.481,0.2879,1.785,0.8593,3.009,0.8623,3.857,1.757,1.212,3.736,3.8005930232558125,1.9862521739130437,0.6848766358378472,IGLV3-9,0.6848766358378472
100423025,0.0,2.041,2.437,0.0,0.9562,3.468,0.0,0.0,0.8342,0.0,0.0,5.033,0.0,0.0,0.0,0.0,0.0,1.456,3.318,14.87,2.608,5.554,0.0,0.6025,0.0,0.0,3.011,0.6839,0.0,0.0,2.741,2.1,0.0,4.276,0.7672,0.0,0.0,14.54,0.0,0.0,0.0,0.0,8.809,2.463,2.304,1.41,4.668,0.0,0.0,2.177,1.198,6.108,1.067,0.0,0.0,8.336,0.0,1.318,1.664,0.0,0.0,0.0,3.787,9.442,3.055,4.014,0.0,5.458,4.08,0.0,2.75,0.0,0.0,0.0,0.8116,0.0,0.0,0.0,0.3433,0.0,0.0,1.511,0.0,1.398,3.155,0.7844,0.0,0.8385,0.0,0.0,0.0,7.479,0.0,0.0,0.0,0.0,1.714,2.59,0.0,0.0,0.0,0.5759,1.335,0.0,1.159,0.0,0.0,0.0,0.0,0.0,0.0,0.0,0.0,1.633,0.0,0.8511,0.0,0.0,0.0,0.0,0.0,8.504,0.3928,0.0,0.8478,0.0,0.0,0.0,0.0,2.683,0.6478,2.522,1.7838174418604653,0.7341934782608697,0.6827997404577503,MIR3198-1,0.6827997404577503
28749,3.529,7.902,4.718,2.392,6.169,0.0,5.167,0.0,3.229,0.0,0.6431,10.28,2.641,3.512,4.381,6.716,1.769,1.878,4.281,0.0,0.0,0.0,13.43,0.0,0.0,0.0,2.331,3.53,2.075,1.101,5.305,2.71,0.0,1.839,0.9899,0.0,0.9676,15.25,5.894,8.121,0.0,0.0,6.82,9.534,2.972,5.46,3.442,1.584,6.431,5.617,0.7729,0.0,0.0,5.537,0.0,19.36,0.0,34.02,0.0,2.498,5.687,6.26,0.0,3.046,0.0,3.107,8.047,2.348,5.265,0.0,3.549,5.873,6.547,18.35,0.0,0.0,0.0,4.149,15.95,3.855,0.0,0.0,11.17,0.0,3.393,12.15,13.46,1.082,0.0,8.419,0.0,10.86,9.09,14.93,0.0,0.0,4.424,0.0,0.0,1.107,12.47,19.32,20.67,9.375,26.93,0.0,0.0,0.0,1.693,10.87,8.96,4.372,0.0,4.214,7.638,6.589,0.0,4.762,1.72,25.18,22.0,3.658,5.575,12.7,9.845,1.58,12.07,11.89,0.0,15.92,7.523,1.085,4.134238372093024,7.216978260869566,-0.6784576711020933,TRAJ6,0.6784576711020933
28510,4.29,0.0,0.0,0.0,4.5,0.0,0.0,0.0,3.925,0.0,0.0,0.0,0.0,0.0,0.0,0.0,0.0,0.0,7.807,16.14,0.0,0.0,0.0,0.0,0.0,0.0,0.0,0.0,0.0,0.0,0.0,0.0,0.0,0.0,0.0,0.0,0.0,4.278,0.0,0.0,0.0,0.0,0.0,17.38,0.0,0.0,0.0,0.0,0.0,0.0,0.0,19.16,0.0,0.0,0.0,0.0,0.0,3.102,0.0,9.11,0.0,0.0,0.0,0.0,0.0,0.0,5.869,8.562,4.8,0.0,0.0,0.0,0.0,0.0,0.0,0.0,3.035,0.0,1.616,0.0,0.0,0.0,0.0,6.58,0.0,0.0,4.908,0.0,0.0,0.0,0.0,0.0,0.0,0.0,0.0,0.0,0.0,12.19,4.867,0.0,0.0,8.131,0.0,0.0,10.91,0.0,0.0,4.181,0.0,0.0,0.0,3.986,7.892,0.0,7.959,4.005,10.95,0.0,0.0,10.2,8.914,0.0,0.0,0.0,0.0,23.05,0.0,0.0,4.31,0.0,0.0,3.956,1.3971395348837208,2.834978260869565,-0.6779045104856907,IGHD1-1,0.6779045104856907
28723,0.0,0.0,2.954,0.0,0.0,2.102,0.0,3.507,1.011,0.0,0.0,4.576,2.481,0.0,0.0,0.0,0.0,1.765,8.044,0.0,0.0,0.0,3.153,8.764,3.486,0.0,0.73,1.658,1.95,2.069,43.19,0.0,0.0,0.0,0.0,0.0,4.545,1.102,8.306,0.0,2.783,5.476,0.0,2.985,4.188,3.419,0.8084,0.0,0.0,0.0,0.0,1.234,0.0,2.601,0.0,0.0,0.0,0.0,0.0,2.347,2.671,0.0,3.672,25.75,1.234,15.57,3.024,0.0,0.0,0.0,0.0,0.0,1.025,0.0,0.0,0.0,0.0,0.0,2.913,0.0,0.0,3.664,0.0,0.565,3.824,0.0,0.0,5.082,14.2,0.0,1.312,47.59,1.708,0.0,1.873,6.248,1.039,1.256,1.254,0.0,0.0,4.189,4.046,1.101,2.811,0.0,0.0,0.0,0.0,1.458,0.0,0.0,0.0,1.98,2.05,0.0,5.64,0.0,0.8079,5.257,6.888,1.718,0.4761,0.0,9.249,2.968,0.0,0.0,0.0,50.73,7.067,3.057,2.269144186046512,4.196847826086957,-0.6687238059111326,TRAJ32,0.6687238059111326
3437,7.82,31.4,59.11,33.56,29.97,15.89,27.27,5.785,7.412,29.97,8.308,14.2,8.592,11.06,12.8,8.998,12.52,10.39,43.16,85.49,19.74,12.55,15.52,59.46,10.49,96.46,11.18,9.933,4.632,33.88,8.819,6.886,6.878,6.332,6.253,15.71,5.767,15.76,21.69,18.71,16.53,8.028,7.233,16.3,5.576,10.07,107.9,7.788,5.956,6.936,12.97,23.67,5.95,9.861,21.93,13.69,5.448,18.9,107.1,11.27,6.415,3.652,96.65,53.38,12.01,29.29,13.53,11.71,5.501,18.45,28.23,28.68,9.043,26.36,7.186,28.43,77.36,72.66,12.9,5.813,38.75,7.641,13.42,12.5,136.4,53.95,25.34,8.016,1.005,18.81,3.218,10.31,8.634,6.933,17.61,16.32,7.905,6.094,12.8,5.702,7.109,15.21,26.48,8.765,8.277,5.463,9.727,36.53,14.63,32.4,6.444,6.981,24.92,14.51,14.74,52.28,10.05,7.633,10.25,15.35,11.78,11.51,16.91,18.02,4.364,16.21,11.21,7.963,10.24,11.0,73.2,15.22,24.225255813953495,14.871152173913046,0.6684620349271759,IFIT3,0.6684620349271759
3042,338.3,105.1,27.38,128.3,26.51,51.4,72.91,129.0,134.5,92.73,81.02,39.84,36.53,20.39,132.6,103.0,98.76,101.6,25.65,23.14,39.49,116.4,63.56,40.61,73.11,47.41,92.04,390.4,121.0,19.04,17.04,95.23,82.41,51.33,145.0,51.43,89.87,5.07,52.42,158.1,109.4,86.75,99.11,26.3,220.5,132.4,54.31,95.69,327.2,117.6,235.5,55.48,318.3,223.3,71.82,105.5,43.59,46.74,66.57,120.0,241.6,258.3,147.3,98.56,1721.0,49.63,39.55,186.7,56.57,81.06,240.0,386.6,208.4,3209.0,143.7,142.4,78.82,245.5,133.1,174.5,323.3,383.7,305.1,133.0,54.3,214.3,72.97,72.7,128.9,87.06,135.6,29.94,48.5,18.44,41.36,42.44,55.18,45.56,122.6,190.1,194.9,38.82,27.98,110.0,52.1,103.0,46.99,439.8,74.63,75.73,72.25,229.9,365.2,184.9,105.5,33.36,67.48,133.5,155.8,130.3,138.6,29.82,118.2,141.0,40.26,181.5,112.6,64.91,137.5,195.9,133.1,123.3,178.27523255813952,111.96043478260871,0.6663586424394343,HBM,0.6663586424394343
4940,2.7,7.603,16.22,8.147,10.51,3.166,2.821,1.268,0.6859,8.303,0.8317,3.677,2.228,2.841,3.9,2.239,4.112,1.831,10.29,17.88,4.589,1.948,2.39,9.653,1.356,26.74,2.454,1.447,1.07,3.746,3.53,1.905,1.387,0.9306,0.7514,2.591,1.07,2.451,5.413,1.928,2.999,0.874,1.331,4.631,1.838,2.064,31.89,1.752,1.401,1.842,3.006,8.628,1.613,1.557,2.459,1.633,1.261,3.347,32.01,1.592,1.279,0.4274,28.63,13.1,1.687,4.426,4.223,2.156,1.085,4.334,3.342,4.384,1.125,5.96,1.06,5.364,24.83,16.54,1.681,0.7768,8.95,0.9321,2.491,2.502,40.44,8.688,6.546,2.2,0.6802,2.812,1.008,4.782,2.522,1.353,4.521,5.797,1.555,2.386,2.089,0.9956,1.023,3.461,4.488,1.406,2.145,0.6159,1.275,6.994,1.935,6.008,0.5998,1.444,5.421,1.432,3.661,7.708,2.349,1.685,1.894,4.615,2.68,1.543,4.693,2.411,1.22,2.502,1.697,1.478,1.994,2.264,23.97,2.978,5.659824418604648,3.2355760869565224,0.652925936213991,OAS3,0.652925936213991
100189253,0.0,2.237,2.671,0.0,1.048,0.0,4.388,0.0,4.571,0.0,0.0,0.4596,24.67,0.9942,0.0,0.0,0.0,1.595,0.0,6.266,0.0,1.522,0.0,0.6603,0.0,0.0,1.32,0.0,0.0,0.0,1.502,1.151,0.0,0.0,0.0,0.0,0.0,12.95,2.503,0.0,0.0,0.0,0.0,0.0,0.0,1.546,0.7309,0.0,0.0,2.385,0.0,1.116,0.0,0.0,26.22,0.0,0.0,0.0,0.0,0.0,0.0,0.0,5.81,5.174,1.116,5.278,1.367,9.97,3.354,11.55,0.0,0.0,0.0,1.298,0.0,3.026,0.0,0.0,0.7525,0.0,0.0,0.0,0.0,1.022,2.305,0.0,0.0,0.0,0.0,1.3,0.0,0.0,0.0,0.0,1.693,0.0,3.757,0.0,0.0,0.0,1.324,0.0,1.463,0.0,0.0,0.0,0.0,0.0,0.0,1.318,1.087,0.0,0.0,0.0,0.0,0.0,2.549,0.0,0.0,0.0,0.0,1.553,0.4305,1.349,6.504,0.0,1.281,2.693,0.0,1.176,6.389,0.0,1.7968430232558148,0.7797065217391304,0.6521599261813436,TRY-ATA1-1,0.6521599261813436
10232,0.0,0.0,0.0,0.03334,0.03439,0.0,0.03601,0.0,0.0,0.0,0.0,3.636,0.2945,0.0979,0.0,0.107,0.09864,0.0,0.0,0.04113,0.0,0.0,0.03119,0.0,0.0,0.1663,0.04332,0.0,0.0,0.0,0.0,3.135,0.0,3.025,0.0,0.09177,0.0,0.0,0.0,0.0,0.0,0.0,0.0,0.0,0.0,0.0,0.0,0.0,0.2241,0.3915,0.1077,0.0,0.0,0.0,0.0,0.0,0.0615,0.1185,0.1197,0.0,0.1586,0.04986,0.0,0.08491,0.03663,0.0,0.08973,0.06545,0.0,0.0,0.0,0.05457,0.0,0.08524,0.08758,0.06622,0.0,0.0,0.06175,0.05374,0.05346,0.0,0.0,0.03353,0.01892,0.0,0.07504,0.0,2.951,0.04268,0.07789,0.03363,0.05068,0.04625,0.0,2.101,0.0,0.0,0.03721,0.0617,0.0,0.0,0.03602,0.1633,5.838,0.0,0.0,0.09588,0.0,0.0,0.0,0.0,15.78,0.08812,0.09126,0.0,0.1255,0.06638,0.0,0.156,0.06814,0.0,0.05652,0.04427,0.0,0.0,0.1262,0.0221,0.03295,0.2316,0.0,7.621,0.14993813953488375,0.7852243478260867,-0.634549134017511,MSLN,0.634549134017511
28484,0.0,0.0,8.863,0.0,0.0,0.0,0.0,0.0,0.0,6.402,0.0,0.0,0.0,0.0,0.0,5.407,0.0,0.0,0.0,0.0,0.0,0.0,0.0,0.0,0.0,0.0,0.0,0.0,0.0,0.0,0.0,0.0,0.0,0.0,0.0,0.0,0.0,0.0,0.0,0.0,0.0,0.0,0.0,0.0,8.377,0.0,9.7,0.0,0.0,0.0,0.0,0.0,0.0,0.0,0.0,0.0,0.0,0.0,0.0,0.0,0.0,0.0,0.0,0.0,0.0,0.0,0.0,0.0,0.0,0.0,0.0,0.0,0.0,0.0,0.0,0.0,0.0,0.0,2.497,0.0,0.0,0.0,0.0,0.0,0.0,0.0,0.0,6.099,0.0,4.314,0.0,6.799,0.0,0.0,0.0,0.0,0.0,3.767,0.0,0.0,0.0,0.0,0.0,0.0,0.0,0.0,0.0,0.0,0.0,0.0,7.215,6.16,0.0,0.0,6.15,0.0,0.0,0.0,0.0,0.0,0.0,0.0,0.0,8.95,0.0,0.0,0.0,0.0,0.0,3.903,0.0,6.114,0.47960465116279066,1.2928478260869563,-0.6319288672159927,IGHD7-27,0.6319288672159927
28726,0.0,0.0,0.0,0.0,8.924,0.0,0.0,1.929,0.0,0.0,0.6646,1.678,0.0,1.21,0.0,0.0,0.0,0.0,0.0,0.0,0.0,0.0,9.249,0.0,0.0,0.0,0.0,0.0,0.0,1.138,0.0,8.402,0.0,0.0,0.0,10.2,0.0,0.0,0.0,0.0,3.062,0.0,0.0,9.851,0.0,0.0,0.0,1.637,1.661,0.0,0.0,1.357,1.423,0.0,0.0,0.0,2.28,0.0,1.11,0.0,0.0,0.0,1.01,6.295,0.0,0.0,66.52,2.426,2.72,0.0,0.0,0.0,1.128,1.58,0.0,1.227,0.8598,4.287,0.4578,0.0,0.0,4.03,0.0,0.0,0.0,0.0,0.0,24.6,0.0,0.0,0.0,0.0,1.879,0.0,0.0,13.75,0.0,3.453,0.0,16.01,0.0,0.0,0.0,1.211,0.0,0.0,0.0,1.185,0.0,0.0,3.968,30.49,0.7453,0.0,3.383,2.269,4.653,8.611,1.777,0.0,2.526,1.89,0.0,0.0,5.652,0.0,24.95,0.0,1.221,0.7155,0.8637,0.0,1.8408860465116277,3.387010869565217,-0.6268973175118213,TRAJ29,0.6268973175118213
28809,7.753,9.855,6.444,1.491,3.737,12.76,5.523,14.47,4.027,5.464,164.4,13.11,2.823,12.93,697.4,4.786,0.9456,10.04,8.009,10.25,14.39,4.788,8.97,5.956,7.604,5.67,14.4,8.019,0.3697,18.24,5.041,11.83,3.823,2.949,0.8818,6.158,3.276,7.941,6.301,6.752,7.918,9.347,1.215,25.48,9.532,4.863,11.19,14.4,10.6,8.006,7.298,11.23,1.962,1.973,10.09,12.65,4.716,4.091,4.783,16.91,2.027,2.23,8.532,20.08,4.448,9.411,22.08,11.29,5.862,7.27,1.897,7.324,15.75,6.809,1.306,15.87,13.34,3.326,6.235,6.525,6.833,3.127,5.173,3.536,8.825,2.885,13.67,21.2,3.771,26.86,6.222,16.76,36.6,5.911,6.393,21.72,5.911,14.17,10.7,8.478,7.779,10.46,12.89,4.593,21.32,11.51,9.808,28.8,1.508,28.21,4.333,7.984,8.481,15.77,13.41,4.109,14.17,3.182,4.444,4.985,3.919,1.303,8.308,1.415,4.678,11.54,8.602,9.039,12.0,7.278,14.44,12.18,17.672349999999994,11.104652173913044,0.6253418844891967,IGLV3-1,0.6253418844891967
28742,0.0,0.0,1.548,1.177,0.0,4.404,1.271,0.0,0.0,0.0,0.0,21.3,0.0,0.0,0.0,0.0,0.0,1.849,29.49,4.356,28.15,0.0,0.0,0.7651,0.0,0.0,3.059,0.8685,0.0,7.585,38.29,1.334,10.56,0.0,0.9742,0.0,0.9523,1.154,0.0,0.0,2.916,0.0,0.0,3.127,13.16,0.0,0.0,0.0,0.0,0.0,0.0,1.293,0.0,0.0,2.532,0.0,17.37,0.0,0.0,0.0,0.0,0.0,0.0,2.998,0.0,3.058,1.584,0.0,1.295,0.0,0.0,0.0,19.33,0.0,1.031,0.0,0.0,0.0,0.0,0.0,0.0,0.0,0.0,0.0,0.0,0.996,0.0,2.13,0.0,0.0,0.0,0.0,3.578,3.265,1.962,0.0,0.0,0.6577,0.0,0.0,3.069,23.4,1.695,0.0,1.472,0.0,3.187,2.257,0.0,0.0,0.0,0.0,0.0,0.0,1.074,0.0,0.0,0.0,0.0,0.0,2.405,0.0,0.0,0.0,8.613,4.665,0.0,0.0,0.0,0.6814,0.0,0.0,2.6718267441860464,1.3937195652173913,0.6172438424219023,TRAJ13,0.6172438424219023
28803,2.102,0.9413,3.372,0.2137,0.6613,1.199,0.2308,3.335,3.269,1.015,4.941,3.384,0.4719,2.301,9.784,1.543,0.9483,3.356,2.295,5.273,2.405,0.0,6.197,1.945,1.658,1.599,6.664,1.577,1.112,7.279,2.844,6.779,1.533,0.6572,0.3538,4.411,0.5187,7.545,1.58,0.9674,0.0,1.042,0.0,10.5,0.0,0.9755,4.92,1.415,0.2873,3.011,3.176,9.153,1.722,0.742,0.0,10.38,1.577,1.975,6.331,5.802,0.0,0.7989,2.445,5.986,1.409,2.776,2.3,0.8389,1.646,3.949,1.902,0.0,4.874,5.463,1.31,1.485,2.974,0.7413,2.296,2.755,1.713,2.788,0.7982,0.4298,4.486,0.0,4.088,4.833,4.863,5.334,3.245,12.07,9.096,0.8893,1.425,6.734,0.7904,2.627,4.531,1.582,3.065,5.71,1.616,0.0,10.42,0.8099,2.025,35.64,0.0,25.24,0.9148,1.367,1.289,1.506,7.019,0.3924,11.26,1.489,0.6147,2.999,2.184,0.9803,2.626,1.702,1.759,3.105,7.279,1.558,10.35,0.2474,2.091,1.551,2.6445848837209294,4.58515652173913,-0.6158432105046041,IGLV3-10,0.6158432105046041
9636,16.03,26.41,31.22,74.02,32.06,22.21,22.0,14.63,12.78,159.9,21.72,27.65,22.11,19.26,35.18,20.92,42.53,23.22,45.63,57.16,40.12,31.91,18.62,208.6,36.12,598.0,43.11,56.09,22.83,14.04,16.87,34.42,25.69,15.93,19.95,29.96,22.23,26.49,30.69,37.68,44.7,13.62,23.23,17.94,31.25,44.11,421.5,37.16,30.98,38.27,57.77,121.6,30.15,31.66,22.29,18.43,14.17,36.42,738.7,41.58,32.66,20.02,277.8,163.3,17.91,57.56,37.91,71.75,22.29,55.6,44.38,459.6,40.15,140.6,42.71,146.6,263.3,200.7,34.5,37.9,320.5,43.28,35.0,16.39,783.5,183.6,37.99,34.02,4.121,49.54,29.5,31.35,34.33,28.26,38.81,25.89,27.45,33.89,31.18,20.9,23.22,28.14,41.04,57.14,34.51,32.21,10.72,339.0,26.19,67.99,22.55,25.42,227.4,41.12,53.95,53.66,23.81,44.26,37.34,61.27,44.25,21.9,41.34,44.36,17.67,56.75,43.32,43.98,25.88,45.56,477.9,48.36,86.29104651162791,56.292195652173916,0.6074950551336185,ISG15,0.6074950551336185
10964,0.382,1.38,2.652,2.305,2.74,0.7267,1.407,0.1565,0.1691,2.57,0.2763,0.8732,0.5811,0.2453,0.6884,0.7136,0.9638,0.3542,3.544,9.445,1.058,0.5631,0.9025,2.737,0.2722,10.8,0.9036,0.5085,0.5436,0.6114,0.8523,0.2697,0.1573,0.09633,0.2074,0.4656,0.2839,0.2458,2.902,0.2553,0.745,0.1527,0.2739,0.7657,0.3893,0.4957,15.03,0.2822,0.2695,0.3236,1.773,2.009,0.2019,0.4641,0.593,0.3831,0.3004,1.025,10.59,0.4972,0.08938,0.1218,9.143,4.499,0.6333,1.421,0.9779,0.6887,0.1655,1.158,1.06,2.112,0.3544,2.002,0.2304,1.717,18.5,7.39,0.3852,0.2222,3.978,0.2247,1.03,0.9767,16.75,3.16,1.1,0.2947,0.1584,0.6415,0.2927,1.251,0.5333,0.226,1.232,0.7433,0.4287,1.274,0.5313,0.1623,0.2941,0.9654,1.286,0.4911,0.6269,0.4037,0.1357,2.775,0.5674,1.659,0.1207,0.1718,1.383,0.7175,0.7088,2.174,0.7076,0.2619,0.3694,1.085,0.6658,0.3832,1.28,0.7653,0.2636,1.109,0.49,0.3571,0.2972,0.7907,11.87,0.6705,2.004223372093023,0.972078260869565,0.6072752796673758,IFI44L,0.6072752796673758
106632260,6.967,12.48,4.347,4.25,5.847,7.069,2.551,13.27,15.73,41.27,33.78,57.28,136.6,9.708,91.69,46.6,29.34,53.41,105.7,349.0,87.05,147.2,149.3,328.8,796.6,326.7,246.4,208.8,709.7,132.2,618.8,690.9,227.9,246.9,331.5,91.64,224.3,141.3,157.1,91.94,361.5,221.0,220.4,251.6,358.6,184.7,1064.0,193.3,200.6,326.1,208.8,191.4,241.4,211.0,34.55,167.4,278.8,316.0,300.2,103.6,239.2,56.15,299.9,280.3,72.13,486.3,606.3,1224.0,487.0,96.69,208.8,194.0,466.7,149.7,114.5,586.7,55.53,119.6,188.1,288.5,146.9,455.9,68.8,218.3,149.8,293.4,11.16,442.2,188.7,70.43,95.99,205.8,179.5,380.0,715.6,102.4,546.8,508.0,128.1,891.5,113.9,87.75,417.5,456.3,573.0,134.3,78.65,46.18,161.1,432.8,129.4,415.7,224.4,144.0,190.5,349.5,232.9,161.7,197.0,1181.0,535.7,429.0,170.1,26.34,1236.0,409.3,801.4,624.6,179.2,133.7,677.3,842.2,232.21010465116274,353.4478260869566,-0.6039429819183734,RNA5-8SN1,0.6039429819183734
352962,0.05675,0.0,0.0,0.0,0.0,0.0,0.0,0.0,5.245,0.3288,2.141,0.0,0.0,0.05648,3.171,0.0,0.0,0.0,3.615,0.0,0.1624,0.0,0.2159,0.0,0.08954,0.0,0.0,0.0,0.0,0.9031,0.08533,8.107,0.0,0.7986,0.0,0.0,0.0,0.05659,0.2844,0.0,0.0,0.0,3.126,0.0,0.1434,0.08781,0.1246,0.0,0.0,0.0,0.0,0.0,0.06643,0.0,0.0,0.0,0.0,0.0,0.05181,0.1205,0.0,0.0,0.0,0.0,4.565,11.54,0.07765,6.117,0.0,0.0,0.0,0.0,0.1053,0.1475,0.0,7.506,0.0,0.0,4.916,0.0,0.0,4.799,0.0,0.05804,0.0,0.04883,0.06493,0.0,0.0,0.0,0.5392,0.1164,0.0,0.0,0.0,0.0,0.0,4.45,0.0,0.0,0.0,0.1793,0.187,6.05,4.98,0.0,0.0,0.05532,0.0,0.0,0.0,4.482,4.907,9.964,0.0,0.0,0.0,0.0,0.0415,0.0,0.0,8.913,0.0,0.07662,0.0,0.0,19.29,0.0,0.0,0.03341,5.323,10.15,0.8013693023255815,1.7348408695652175,-0.602362908923289,HLA-V,0.602362908923289
137797,2.094,2.207,0.8234,3.006,2.584,1.64,0.1353,0.6843,1.353,2.022,4.311,1.19,3.043,0.8582,1.376,15.67,1.668,2.951,6.502,2.318,3.524,2.252,1.055,0.8956,1.166,3.333,9.196,0.8318,0.0,1.384,0.7409,0.4258,4.269,1.348,1.866,2.93,0.8107,1.351,5.556,3.402,0.9309,2.747,2.024,1.83,1.401,0.5718,1.262,0.4978,3.031,0.5883,5.018,3.301,3.749,0.8698,0.0,0.6759,1.155,2.672,9.221,5.232,6.254,0.7492,4.401,1.914,1.376,0.0,2.36,6.884,4.135,0.0,2.044,2.87,2.286,3.843,3.619,1.493,3.66,1.086,3.573,1.211,1.406,1.43,3.743,0.8818,4.406,0.424,13.11,5.213,3.484,5.611,0.7315,7.453,0.952,5.212,0.8351,1.161,10.19,3.08,11.46,0.8113,1.633,0.9339,1.759,0.9818,3.133,2.374,1.526,5.523,5.495,0.6503,2.547,4.121,2.87,13.02,2.514,1.38,7.86,12.97,1.171,7.619,4.096,1.341,2.601,4.158,1.948,0.6619,9.165,9.382,0.3713,9.644,0.7003,4.771,2.5069709302325585,4.309226086956521,-0.5982761062476788,LYPD2,0.5982761062476788
28724,7.676,2.865,8.552,0.0,1.342,0.0,4.215,0.0,1.171,1.236,0.0,17.66,5.745,0.0,2.383,9.392,0.0,4.087,0.0,4.815,0.0,7.795,23.12,9.302,20.18,3.245,14.37,18.24,2.257,0.0,9.618,1.474,23.34,0.0,0.0,0.0,6.315,5.103,0.0,0.0,0.0,0.0,3.709,5.185,6.466,1.979,2.808,1.723,5.246,3.055,8.406,4.286,1.497,1.506,16.79,0.0,0.0,6.475,1.168,0.0,3.093,1.945,3.189,9.939,4.288,4.506,1.75,2.554,2.863,0.0,0.0,0.0,11.87,6.652,0.0,6.459,0.0,6.77,0.0,0.0,0.0,2.121,7.289,1.963,0.0,1.101,1.464,9.415,3.289,1.665,4.558,10.5,1.978,3.609,0.0,0.0,2.406,2.908,2.903,9.63,10.18,4.85,14.05,1.275,17.9,1.233,3.522,0.0,3.682,6.754,0.0,17.83,3.923,1.146,3.561,4.778,9.795,3.885,12.16,6.087,2.659,1.989,23.71,0.0,0.0,36.09,34.47,1.725,1.286,2.259,30.91,1.18,4.23429069767442,6.89595652173913,-0.5931199959606914,TRAJ31,0.5931199959606914
10561,0.418,1.845,3.666,1.95,2.696,0.7251,1.782,0.1366,0.135,0.9262,0.09412,0.6732,0.4693,0.2692,0.4351,0.4312,0.4069,0.4124,3.581,15.79,1.548,0.8428,0.3976,2.56,0.6014,6.965,0.6661,0.5074,0.499,1.22,1.553,0.2408,0.2243,0.173,0.2173,0.3785,0.1517,0.1839,2.619,0.4811,0.4646,0.1828,0.3208,1.246,0.3573,0.3044,9.121,0.2816,0.08403,0.05872,1.422,1.455,0.1727,0.5643,0.5917,0.1574,0.2306,0.9868,5.747,0.235,0.327,0.07478,7.376,4.458,0.8929,2.165,0.7234,0.27,0.3715,0.7643,1.447,1.105,0.3308,1.774,0.2627,1.204,11.8,6.853,0.2177,0.1209,2.045,0.2242,0.7705,0.8613,12.73,2.18,0.7878,0.475,0.2213,0.4161,0.1752,1.11,0.3231,0.2775,1.084,0.1854,0.3121,1.334,0.3488,0.3008,0.3749,1.383,1.297,0.5757,0.6099,0.2725,0.1354,1.234,0.1769,1.558,0.05352,0.2057,0.8294,0.4956,0.5475,2.319,0.8629,0.2365,0.2607,0.9944,1.635,0.7839,1.388,0.7138,0.1372,0.4625,0.3785,0.4392,0.2965,0.5718,6.885,0.3969,1.676801744186046,0.7796069565217391,0.588951647376414,IFI44,0.588951647376414
3433,5.223,26.86,37.56,19.03,17.72,13.37,15.2,3.343,4.504,4.442,5.312,8.169,2.027,3.658,3.802,3.015,4.041,3.982,39.23,61.01,13.99,18.14,5.97,27.97,7.765,29.55,7.27,5.047,1.631,25.37,10.53,4.284,7.214,3.058,3.455,7.579,4.173,11.66,17.07,7.173,5.251,5.006,4.403,12.34,3.992,6.019,45.05,3.822,4.319,4.824,7.852,11.18,2.994,5.388,7.617,8.294,2.741,10.24,29.43,4.336,2.65,0.9804,42.06,21.43,9.557,15.22,5.323,5.534,4.738,12.3,22.89,8.656,3.928,8.129,2.507,11.63,34.65,56.63,6.096,2.254,11.0,3.92,7.143,8.583,51.39,18.14,5.853,2.61,1.05,11.44,1.685,6.017,4.585,5.76,9.945,13.09,4.87,5.74,5.39,2.346,3.419,16.46,15.93,6.231,5.713,2.091,7.426,8.882,6.464,15.32,2.362,4.354,6.419,6.758,7.497,25.1,8.968,4.394,4.023,9.816,10.32,12.73,8.854,11.29,1.779,9.961,6.838,5.273,5.788,5.276,28.81,8.543,12.35852790697674,7.901521739130437,0.585637138506325,IFIT2,0.585637138506325
28748,0.0,0.0,0.0,0.0,0.0,0.0,0.0,0.0,0.0,0.0,1.352,2.844,0.0,0.0,4.604,0.0,0.0,0.0,0.0,3.101,1.768,1.883,0.0,0.0,1.95,0.0,0.0,0.0,2.181,5.785,7.434,4.272,0.0,0.0,0.0,0.0,0.0,0.0,0.0,22.76,18.68,0.0,0.0,3.339,1.562,0.0,0.0,0.0,0.0,0.0,0.8121,1.38,1.447,0.0,0.0,0.0,0.0,0.0,0.0,0.0,0.0,0.0,0.0,0.0,0.0,4.354,3.382,0.0,4.149,0.0,0.0,0.0,1.147,0.0,0.0,3.744,41.97,0.0,0.0,2.026,0.0,0.0,0.0,0.632,0.0,0.0,0.0,2.274,0.0,0.0,0.0,0.0,1.911,0.0,4.19,0.0,1.162,4.214,0.0,0.0,1.639,1.562,0.0,1.231,0.0,0.0,0.0,0.0,5.336,0.0,0.0,0.0,0.0,0.0,2.293,0.0,0.0,0.0,0.0,2.94,0.0,1.922,0.0,1.669,0.0,0.0,0.0,0.0,1.242,2.183,0.8783,1.14,1.7274197674418608,0.821441304347826,0.5824562521713689,TRAJ7,0.5824562521713689
28827,5.757,4.298,7.697,0.0,0.0,3.651,0.0,3.046,5.268,5.56,4.197,0.883,4.309,11.46,3.574,0.0,2.887,3.065,3.493,2.407,0.0,0.0,12.78,0.0,0.0,0.0,10.14,1.44,0.0,16.17,0.0,0.0,0.0,0.0,3.23,0.0,0.0,0.0,0.0,4.417,9.668,9.511,1.854,2.592,7.275,0.0,4.212,0.0,0.0,13.75,1.261,8.572,2.246,0.0,0.0,7.02,0.0,0.0,7.008,4.076,0.0,1.459,6.378,0.0,2.144,6.76,2.626,0.0,4.295,0.0,0.0,3.194,0.0,12.47,0.0,9.688,0.0,0.0,5.06,0.0,3.129,0.0,0.0,2.944,6.643,0.0,4.392,5.296,0.0,8.742,2.279,1.968,2.966,0.0,0.0,0.0,7.218,2.181,32.66,3.611,0.0,1.212,1.405,1.912,12.2,0.0,0.0,93.53,5.523,5.065,4.177,0.0,0.0,0.0,5.341,0.0,4.898,0.0,0.0,0.0,3.988,0.0,0.0,0.0,0.0,0.0,0.0,7.761,1.928,6.778,2.727,5.31,3.0879534883720927,5.110173913043478,-0.5798346620844455,IGLJ7,0.5798346620844455
2537,13.7,39.55,30.94,81.1,30.82,22.45,18.14,7.611,13.93,118.9,14.82,28.06,25.47,19.17,22.54,24.09,37.9,21.64,67.47,95.01,43.34,21.22,13.32,217.9,29.06,305.8,35.4,52.66,14.24,18.17,13.51,23.68,16.8,11.54,17.17,25.67,14.84,21.71,38.72,36.79,33.94,9.808,15.96,17.89,21.64,29.33,282.7,20.92,29.76,25.45,55.72,118.8,18.18,36.73,20.48,31.46,10.99,31.37,490.8,31.52,27.05,13.89,285.0,110.2,18.54,74.94,41.24,59.56,15.16,70.64,43.98,241.3,33.69,121.0,35.04,118.4,189.4,188.2,26.58,32.19,170.0,33.45,56.81,30.32,493.7,155.4,48.17,26.82,7.046,44.38,24.77,35.6,24.59,19.11,54.96,22.1,16.39,25.39,35.93,19.7,20.28,17.7,39.86,42.77,31.17,17.67,7.859,199.7,28.04,56.46,11.85,18.25,167.5,48.41,45.83,83.51,21.86,41.68,33.01,67.0,35.28,21.66,42.61,38.95,12.32,32.82,35.74,32.84,23.79,40.82,271.2,39.88,66.55789534883718,44.20163043478261,0.5797495721613526,IFI6,0.5797495721613526
102466889,39.27,27.64,7.5,3.422,28.24,10.67,11.09,9.793,8.213,28.17,18.4,21.68,12.6,17.87,16.71,16.47,6.75,53.75,22.46,7.037,19.26,23.92,7.47,11.12,10.62,3.794,8.153,27.78,1.98,39.91,0.0,23.27,12.28,12.28,4.721,0.0,0.0,50.35,39.36,5.164,0.0,13.9,3.252,16.67,43.95,8.679,2.462,7.556,21.47,56.26,19.9,20.05,18.38,2.641,0.0,10.26,2.104,24.34,6.145,64.33,5.425,5.118,2.797,23.24,15.04,19.76,7.675,2.239,18.83,17.84,15.23,3.734,22.9,2.916,9.989,23.79,84.93,3.958,16.06,12.87,1.829,26.04,6.392,9.179,0.6472,5.792,25.67,45.41,20.19,35.77,6.662,44.87,62.43,7.912,34.23,12.69,11.6,45.9,15.28,3.167,25.29,90.02,9.038,33.53,19.98,7.566,7.722,17.5,4.843,69.59,3.663,30.23,24.08,28.14,14.57,16.76,38.65,11.36,9.844,13.34,16.32,5.233,22.72,15.15,30.26,33.16,46.05,9.074,25.93,11.89,21.53,34.14,15.99693255813953,24.325086956521748,-0.5752928164716955,MIR8071-2,0.5752928164716955
6590,4.527,23.84,30.75,20.9,6.546,77.98,18.54,5.826,24.97,5.199,67.37,11.32,7.693,15.22,14.81,9.88,8.834,12.12,32.29,15.2,33.26,94.49,7.449,30.08,84.17,15.1,19.32,21.85,0.6477,14.55,18.03,16.77,11.61,5.548,5.046,22.77,10.17,77.24,14.41,40.83,10.79,16.37,17.03,8.43,11.75,11.17,19.78,3.791,9.366,4.09,21.63,15.71,12.6,13.25,14.72,14.1,16.75,10.7,24.13,9.615,12.13,3.907,15.86,12.67,12.58,50.64,4.52,9.525,19.03,8.667,9.967,5.905,14.19,9.224,4.466,10.13,6.059,26.54,4.747,17.25,14.16,11.77,21.15,16.08,42.92,11.58,1.26,14.07,6.606,14.97,15.26,11.04,6.998,7.766,12.24,3.229,11.85,6.744,8.886,6.677,17.03,15.85,16.53,35.72,16.18,8.606,24.25,13.83,29.76,17.44,5.726,5.685,11.33,12.49,8.854,13.37,15.77,5.202,3.937,20.67,20.85,19.6,10.81,11.73,4.097,5.753,7.063,12.7,6.393,11.52,10.78,14.78,18.588310465116276,12.215260869565215,0.5677880632543986,SLPI,0.5677880632543986
28920,1.418,5.444,1.083,0.4119,0.2125,0.0,0.0,0.4822,0.0,0.1956,0.9969,0.466,0.0,1.411,126.8,0.4957,0.0,0.647,1.475,4.828,1.449,1.851,0.9634,0.4017,0.0,0.0,0.5353,0.7599,0.0,9.292,5.178,0.4668,0.0,0.0,0.0,0.2835,0.1667,1.414,0.0,0.0,0.5103,2.51,0.0,2.463,1.792,0.0,0.741,0.0,1.938,0.0,0.0,1.357,0.0,0.2384,0.0,0.0,0.0,0.0,0.0,0.4302,0.0,0.462,0.3366,0.0,0.0,4.638,0.0,2.022,0.2267,0.0,2.445,0.0,6.202,5.792,0.0,7.159,1.003,1.786,0.2289,0.0,0.0,0.0,0.3847,3.625,1.285,0.0,0.4636,1.491,0.0,10.15,0.0,0.0,5.323,0.5714,0.6867,0.0,0.1905,7.712,0.4597,0.7623,0.2685,0.5119,2.077,0.2018,1.288,0.0,0.2788,1.185,0.0,0.802,0.0,2.259,0.4969,0.0,2.067,0.0,4.911,0.4101,1.185,0.0,0.4209,5.67,0.3492,0.547,0.3768,1.088,5.197,3.823,0.4071,0.1192,0.2879,0.0,2.5430686046511624,1.3921369565217392,0.5666994104968234,IGKV2-29,0.5666994104968234
28735,0.0,8.595,0.0,0.0,0.0,0.0,0.0,6.091,0.0,0.0,0.0,1.177,0.0,0.0,7.148,0.0,0.0,0.0,0.0,3.21,1.83,27.28,1.217,0.0,0.0,23.8,0.0,0.9599,0.0,0.0,34.63,1.474,18.67,0.0,0.0,0.0,0.0,0.0,3.206,0.0,0.0,0.0,3.709,5.185,0.0,0.0,0.936,0.0,13.99,0.0,0.0,0.0,0.0,0.0,0.0,0.0,0.0,3.7,0.0,0.0,0.0,0.0,0.0,0.0,0.0,1.127,3.501,0.0,0.0,0.0,0.0,0.0,2.374,0.0,0.0,0.0,2.715,2.257,0.0,14.68,0.0,12.73,0.0,0.6542,0.0,0.0,1.464,0.0,0.0,0.0,1.519,0.0,0.0,0.0,0.0,0.0,0.0,0.0,0.0,0.0,3.392,12.12,0.0,0.0,1.627,0.0,0.0,0.0,0.0,0.0,0.0,0.0,0.7845,0.0,0.0,0.0,0.0,0.0,0.0,0.0,0.0,0.0,0.0,0.0,0.0,17.19,0.0,0.0,0.0,19.58,0.9092,1.18,2.405187209302326,1.299254347826087,0.5665680479342079,TRAJ20,0.5665680479342079
3542,10.13,4.032,1.204,0.0,8.263,1.285,0.7416,1.429,1.648,2.826,2.338,4.35,0.0,43.68,34.37,11.2,0.3385,2.516,7.783,9.6,1.288,3.771,0.8564,0.5951,0.3551,0.5709,3.42,2.026,0.3971,5.267,1.015,4.408,0.8211,0.3519,0.5683,2.835,1.296,8.08,1.128,2.072,0.0,0.5577,0.87,1.824,2.56,8.358,0.6587,2.122,1.538,4.299,1.331,4.775,0.7903,0.2649,0.0,16.47,0.0,0.9764,1.438,9.082,1.088,1.027,4.862,23.31,0.2515,1.189,3.08,1.797,5.541,1.627,1.019,0.7492,6.473,3.218,0.2004,20.0,4.936,0.397,3.306,0.7378,2.569,0.7464,0.8549,0.2302,2.727,1.549,0.7726,2.07,0.0,6.884,8.019,13.39,4.175,0.3175,1.526,1.273,0.2116,4.22,8.173,2.541,1.492,13.79,1.648,2.018,5.153,0.0,15.18,57.7,0.0,15.74,0.9798,3.765,5.107,8.065,6.682,0.8405,9.765,14.81,3.621,2.142,2.806,0.35,5.043,0.6077,3.559,32.05,6.352,2.882,1.583,5.3,3.999,2.283,3.95646976744186,6.28012391304348,-0.5546500757333596,IGLC6,0.5546500757333596
112268313,0.6257,0.5945,0.2535,0.3277,0.6365,0.4329,0.1874,0.7373,1.544,1.886,3.048,5.662,6.088,0.5473,4.767,6.527,3.023,2.665,4.003,10.44,3.065,5.256,5.068,13.1,17.11,9.218,7.553,13.86,21.08,5.68,18.96,19.7,9.062,7.856,9.384,3.794,7.566,6.467,6.604,3.229,11.51,7.893,7.567,8.171,13.54,5.985,18.7,7.535,14.64,13.67,9.867,10.8,10.28,8.636,1.286,5.999,9.139,12.42,11.55,5.718,13.84,1.816,14.38,45.17,4.11,30.74,38.63,40.72,44.05,5.427,6.693,7.984,28.97,6.482,7.175,23.7,5.647,11.97,7.285,17.9,6.028,24.58,3.925,7.378,13.73,13.18,0.5207,20.51,9.409,2.924,3.828,5.931,7.444,19.84,18.48,4.575,19.72,29.48,4.69,25.22,6.108,3.151,13.53,16.06,19.08,4.786,2.897,3.345,5.648,11.26,4.684,18.59,13.44,7.643,10.4,11.37,12.19,6.66,9.234,38.47,45.19,24.88,8.105,1.741,71.03,15.36,27.41,29.9,12.99,5.704,42.55,31.72,10.163067441860466,15.384732608695648,-0.5536186165626424,LOC112268313,0.5536186165626424
100287083,0.0,0.0,0.0,0.1495,0.0,0.0,0.0,0.0,39.42,0.0,0.0,0.06765,0.0,0.0,0.2738,0.0,0.0,0.2348,0.0,0.0,0.0,0.2239,0.2797,0.09718,0.0,0.0,0.1943,0.1103,0.0,0.0,0.0,0.0,0.0,0.6896,0.0,0.0,0.0,0.0,0.0,0.3384,0.3703,0.0,0.0,0.0,0.0,0.0,0.0,0.0,0.0,0.0,0.0,0.0,0.1721,0.0,0.0,0.0,0.0,0.0,0.0,0.0,0.3555,0.2236,0.2443,0.0,0.0,0.2589,0.0,0.0,0.0,0.0,0.0,0.2447,0.1364,0.0,0.0,0.0,0.0,0.0,0.0,0.0,0.4794,0.0,0.0,0.07518,0.08482,0.0,0.0,0.0,0.0,0.0,0.1746,0.1508,0.0,0.0,0.0,0.0,0.4147,0.0,0.0,0.0,0.0,0.0,0.0,0.0,0.0,0.0,0.4048,0.0,0.0,0.0,0.16,0.0,0.0,0.0,0.1364,0.1373,0.0,0.0,0.0,0.0,0.3055,0.0,0.0,0.0,0.0,0.0,0.0,0.0,0.0,0.0,0.0,0.0,0.5200503488372094,0.040958695652173915,0.5462062861752536,DEFT1P2,0.5462062861752536
28489,0.0,0.0,4.875,0.0,0.0,6.936,0.0,0.0,0.0,0.0,0.0,0.0,0.0,0.0,0.0,0.0,0.0,0.0,0.0,18.3,0.0,0.0,0.0,0.0,0.0,0.0,0.0,0.0,0.0,0.0,0.0,0.0,0.0,0.0,0.0,0.0,0.0,0.0,9.136,0.0,0.0,0.0,0.0,0.0,0.0,0.0,0.0,0.0,0.0,0.0,0.0,0.0,0.0,0.0,0.0,0.0,0.0,0.0,0.0,0.0,0.0,0.0,0.0,0.0,0.0,0.0,0.0,0.0,0.0,0.0,0.0,0.0,0.0,0.0,0.0,0.0,0.0,0.0,0.0,0.0,0.0,0.0,0.0,0.0,0.0,0.0,0.0,0.0,0.0,0.0,0.0,0.0,0.0,0.0,0.0,0.0,0.0,0.0,0.0,0.0,0.0,0.0,0.0,0.0,0.0,0.0,0.0,0.0,0.0,0.0,0.0,0.0,0.0,0.0,0.0,0.0,0.0,0.0,0.0,0.0,0.0,0.0,0.0,0.0,0.0,0.0,0.0,0.0,0.0,0.0,0.0,0.0,0.4563604651162791,0.0,0.5423674825094231,IGHD5-24,0.5423674825094231
221438,0.0,0.7667,0.4577,4.525,6.823,0.0,0.0,0.2717,7.206,0.0,0.7488,0.9452,0.0,0.3407,0.0,4.189,5.15,0.0,0.0,0.859,0.9796,0.0,0.0,0.4526,13.5,0.0,0.0,7.449,0.6041,0.3205,1.03,0.0,12.49,0.0,0.2882,0.0,0.5633,33.8,4.289,11.82,3.45,4.242,0.0,0.4625,0.8652,0.0,0.501,1.845,0.468,0.8175,2.25,8.411,0.0,0.0,0.0,0.0,0.0,6.436,0.3125,0.0,0.0,0.0,2.276,7.979,0.3825,1.206,5.153,6.834,1.149,0.0,5.681,0.0,0.6353,6.675,1.219,4.148,0.0,0.0,3.482,5.05,0.0,1.135,1.3,0.0,0.0,4.714,0.0,2.52,0.0,0.0,0.0,3.16,0.0,0.0,0.5803,0.0,3.863,0.0,0.0,0.0,0.0,4.975,0.2507,0.3411,0.0,0.0,10.37,1.001,0.0,0.0,3.726,0.3181,0.0,0.6134,0.3176,0.0,0.0,4.505,0.2503,0.0,7.826,3.194,3.246,0.0,0.9553,1.84,0.0,0.6923,0.344,7.255,0.0,0.6315,2.4296348837209307,1.3646869565217397,0.5364057879323167,TREML5P,0.5364057879323167
28883,8.531,6.369,17.38,4.337,12.15,23.57,5.354,16.44,9.666,8.043,8.886,13.65,5.473,32.35,172.9,19.72,2.75,8.759,19.59,16.31,21.21,0.6188,9.275,4.833,6.73,4.122,7.515,6.706,1.792,17.11,4.887,14.98,3.335,1.906,1.71,3.979,5.682,10.74,7.126,10.29,2.047,10.57,4.711,13.99,6.417,5.972,7.579,15.87,8.052,11.64,6.273,24.04,3.329,3.586,2.666,53.5,4.953,4.112,5.192,21.57,16.7,2.162,8.27,20.52,5.447,6.618,13.34,6.487,5.455,8.809,5.516,8.79,16.21,12.15,2.532,14.15,26.01,2.866,6.197,6.658,5.63,3.705,5.401,6.024,12.54,5.069,16.73,7.288,2.611,19.3,10.37,21.87,15.7,5.157,4.131,16.46,4.202,12.47,12.68,8.982,7.002,11.17,15.77,3.036,12.4,5.284,4.194,67.12,4.384,291.7,7.516,6.229,8.47,10.01,7.915,3.414,29.29,4.318,11.29,9.181,9.709,5.054,8.928,6.856,11.34,21.01,12.25,4.244,16.74,9.686,8.661,8.618,11.698834883720933,17.407391304347822,-0.5355890464145991,IGKV2D-28,0.5355890464145991
28392,12.71,9.332,18.38,1.695,11.36,9.909,3.661,8.598,7.055,6.439,82.14,9.108,2.807,113.2,43.46,13.77,1.88,9.317,13.65,10.98,10.43,0.9521,6.54,2.754,1.315,6.694,5.644,4.221,1.103,17.94,3.133,13.44,4.561,0.9773,2.981,2.624,2.571,10.8,7.309,6.234,7.348,16.52,4.228,19.7,2.896,1.612,4.268,20.49,3.987,18.9,5.887,22.8,1.951,2.207,1.367,19.43,3.908,2.862,7.608,26.55,6.045,1.109,21.81,11.33,0.9311,3.303,21.38,9.981,3.031,3.614,6.286,0.6935,10.83,10.29,0.5565,25.46,19.6,3.307,4.473,3.415,5.775,16.24,5.144,5.54,17.91,9.323,13.83,9.583,3.214,27.12,1.98,24.79,18.68,4.114,1.766,14.53,2.939,15.15,15.13,9.605,4.143,9.742,13.12,3.321,12.45,2.61,3.442,96.47,6.596,9.349,6.576,5.228,5.494,12.5,13.34,6.808,10.64,9.49,8.989,6.939,4.33,3.24,11.22,12.94,9.108,235.7,5.346,4.915,14.24,6.255,6.071,13.45,10.73919186046511,16.01071739130435,-0.5351108898473661,IGHV4-59,0.5351108898473661
28582,1.681,1.412,1.405,0.2137,0.0,0.7996,0.0,0.0,0.0,0.203,0.8044,2.514,0.0,2.092,0.3914,0.6857,0.3161,1.343,2.677,0.7909,1.203,0.0,2.999,0.4167,0.6631,0.8884,0.1388,2.523,0.7416,4.918,1.58,0.7264,0.0,0.6572,0.0,0.2941,0.8645,0.2096,0.5266,0.9674,0.5294,2.083,1.219,0.8517,1.593,0.9755,0.615,0.8493,1.436,0.5018,0.4143,2.816,0.738,0.2473,0.0,1.153,2.365,1.368,0.5756,2.232,0.0,0.0,1.222,0.5442,0.4696,1.481,0.8626,2.097,0.4703,3.038,1.268,0.6995,1.365,1.912,0.5613,0.8488,1.635,0.3707,1.504,0.3444,0.0,1.394,1.996,0.6448,0.3637,0.3617,1.683,1.16,2.161,0.547,0.4992,2.802,3.573,0.2964,0.0,0.3961,1.383,2.508,3.1,1.186,0.2786,1.062,1.539,1.675,2.406,0.405,1.446,0.4097,0.9072,0.2774,0.6861,0.9764,0.5155,2.071,0.5849,0.981,1.073,0.8509,0.1537,32.49,1.31,0.3268,0.7245,0.2837,0.0,1.976,0.8088,5.099,1.056,0.9897,0.448,1.938,0.9960779069767441,1.892252173913044,-0.5350253153764862,TRBV11-1,0.5350253153764862
28479,35.06,15.7,24.37,8.554,75.02,48.02,10.78,14.47,6.417,39.28,136.5,34.2,6.298,249.8,222.0,57.19,4.219,24.64,45.94,15.83,48.15,2.136,68.03,5.562,8.85,14.23,30.57,9.47,2.474,60.39,12.65,63.01,12.79,0.0,10.62,11.77,10.38,44.75,28.11,32.28,3.533,48.65,13.55,136.4,30.12,13.02,23.6,100.1,26.84,50.23,4.607,61.08,9.849,4.951,12.27,43.6,10.52,8.112,16.64,62.55,13.56,2.132,29.13,90.79,3.134,4.94,53.73,47.59,15.69,0.0,27.5,7.002,24.72,34.63,19.98,79.3,48.61,2.473,53.35,22.98,20.58,2.325,7.99,18.64,27.51,9.654,40.12,21.93,10.82,94.91,23.32,58.97,110.6,25.71,7.131,44.94,14.5,36.65,49.33,27.71,20.45,53.16,28.76,13.97,39.24,35.13,38.61,134.0,16.14,33.31,19.84,27.37,18.92,46.48,50.74,19.64,66.21,28.39,25.64,10.01,29.14,6.542,38.68,41.65,20.87,578.3,37.78,26.47,104.3,31.37,12.96,45.27,33.705488372093015,49.260500000000015,-0.5342611929074463,IGHJ3,0.5342611929074463
109864281,7.432,10.4,3.726,5.194,4.385,6.185,3.061,12.9,16.58,34.09,29.72,45.52,126.2,8.783,51.04,45.46,27.25,48.22,107.4,234.8,84.39,142.2,83.06,307.9,393.5,253.3,195.8,207.7,585.2,115.7,386.9,444.7,219.4,231.7,232.2,81.89,219.3,118.6,158.3,90.87,344.0,221.0,221.7,178.8,294.0,189.0,482.2,192.7,199.4,310.5,210.3,162.9,200.6,183.7,33.53,164.8,284.9,313.3,245.9,103.6,233.6,55.09,261.7,262.2,71.61,338.3,524.9,1016.0,258.3,96.01,182.2,183.2,404.6,152.1,117.4,418.8,54.88,113.9,140.1,282.4,150.7,437.4,62.63,113.5,136.9,280.6,9.035,353.4,179.1,72.24,93.78,154.8,182.4,345.3,438.5,98.94,480.0,338.9,119.1,610.1,111.5,76.6,372.1,359.6,421.8,136.0,72.25,47.99,160.4,329.2,129.9,397.1,191.7,143.5,149.1,328.7,222.9,155.1,201.1,569.0,425.7,379.9,162.5,27.59,727.1,398.7,611.9,424.5,183.0,83.39,445.9,697.0,189.14890697674417,274.31119565217386,-0.5339336329395618,RNA5-8SN2,0.5339336329395618
4599,9.454,12.03,38.74,29.27,39.9,10.79,17.75,5.114,6.469,68.56,3.046,12.84,8.385,16.59,12.09,12.16,24.8,7.48,20.91,43.49,16.19,9.036,10.44,41.49,6.522,97.06,8.581,13.1,3.283,7.05,7.023,5.079,8.384,3.144,5.413,17.63,7.038,19.14,18.81,12.36,12.14,3.714,6.566,14.09,6.123,8.135,98.61,6.09,8.263,8.141,13.49,26.33,7.499,11.91,15.87,16.42,7.589,16.46,146.0,19.04,7.609,3.238,59.14,37.06,4.493,16.32,12.58,10.49,3.648,16.9,10.23,47.95,8.122,36.65,7.717,38.27,53.93,52.32,7.973,7.082,35.86,8.366,17.43,10.11,104.2,43.45,21.71,6.664,3.34,13.56,6.942,17.61,12.64,7.381,18.48,17.11,5.003,7.26,15.87,7.896,5.298,11.34,14.8,10.94,13.31,5.98,5.192,48.52,10.73,25.71,2.786,5.826,46.8,17.11,19.38,31.07,7.809,13.84,13.62,13.4,9.655,5.651,17.59,16.73,3.299,10.89,4.614,9.891,7.718,15.25,66.14,10.54,21.28208139534884,14.410760869565214,0.5319459095697365,MX1,0.5319459095697365
3540,0.0,0.0,0.0,0.0,0.0,0.5483,0.0,0.0,0.0,0.0,0.0,0.5305,0.0,1.434,6.441,2.351,0.0,0.0,0.0,0.0,0.0,0.0,0.0,0.0,0.0,0.0,0.1904,0.2163,0.0,0.0,0.4334,0.0,0.0,0.0,0.0,0.0,0.0,0.2874,0.0,0.0,0.0,0.0,0.0,0.7788,0.3642,0.0,0.6326,0.0,0.788,5.506,0.0,0.3219,0.0,0.0,0.0,0.0,0.0,0.0,0.0,0.0,0.0,0.0,0.0,0.0,0.0,0.7615,0.0,0.0,0.0,0.0,0.4348,0.0,0.5348,0.0,0.0,0.8731,0.2039,0.0,0.0,0.0,0.0,0.0,1.095,0.0,0.4988,0.248,0.0,0.2652,0.0,5.252,1.369,6.503,4.901,0.4066,0.0,0.0,0.271,0.0,1.308,0.0,0.0,2.003,0.3166,0.0,0.0,0.0,0.0,2.81,0.4148,0.0,0.3137,0.2678,0.0,0.0,1.07,0.5382,0.3678,0.0,0.0,0.6857,0.0,0.0,0.2484,0.0,2.949,3.485,0.0,0.0,2.317,2.036,0.0,0.0,0.29620581395348844,0.871713043478261,-0.5300644588700125,IGLC4,0.5300644588700125
28500,2.352,0.0,6.29,0.0,4.935,0.0,0.0,0.0,0.0,2.272,1.286,3.247,0.0,0.0,8.762,1.919,3.538,11.27,8.563,2.951,0.0,0.0,2.238,1.555,0.0,0.0,4.662,5.295,0.0,2.202,3.537,0.0,0.0,0.0,0.0,0.0,0.0,0.0,0.0,0.0,0.0,0.0,6.82,9.534,0.0,0.0,0.0,0.0,3.215,0.0,0.0,5.254,0.0,0.0,0.0,0.0,4.412,0.0,0.0,0.0,0.0,0.0,1.955,0.0,0.0,2.072,6.437,0.0,0.0,0.0,0.0,0.0,0.0,0.0,0.0,7.126,0.0,8.298,1.772,0.0,0.0,0.0,0.0,0.0,4.071,0.0,2.692,0.0,0.0,15.31,0.0,7.237,3.636,0.0,0.0,8.868,0.0,5.347,8.008,6.64,3.119,0.0,1.723,0.0,5.984,0.0,3.238,6.879,0.0,0.0,0.0,8.744,0.0,0.0,2.182,0.0,0.0,0.0,6.881,0.0,0.0,0.0,3.041,0.0,4.376,0.0,6.035,0.0,2.364,1.385,6.687,6.508,1.602790697674419,2.7583478260869567,-0.5300392882183905,IGHD3-9,0.5300392882183905
100616396,4.447,3.983,0.0,0.9041,1.866,1.692,0.0,0.7057,0.0,0.0,0.0,2.864,0.0,0.0,1.656,5.078,0.0,0.0,0.0,0.0,6.361,0.0,0.8459,4.115,0.0,0.0,2.35,0.0,0.0,0.0,6.686,0.0,0.0,0.0,0.0,0.0,0.0,0.0,0.0,0.0,4.48,2.204,0.0,0.0,0.0,0.0,0.0,0.0,0.0,6.37,1.753,0.0,2.082,0.0,0.0,4.88,1.668,0.0,0.0,1.889,0.0,0.0,0.0,0.0,1.987,1.566,3.65,0.0,2.985,0.0,0.0,0.0,0.0,0.0,0.0,0.0,0.0,1.569,0.0,0.0,0.0,0.0,0.0,0.9095,0.0,0.0,0.0,0.8181,0.0,0.0,0.0,0.0,0.0,1.254,0.0,0.0,0.0,2.021,0.0,0.0,0.0,0.0,0.0,0.0,0.0,0.0,0.0,0.0,0.0,0.0,0.0,0.0,0.0,0.7966,0.0,3.321,2.27,0.0,0.0,0.0,0.0,0.0,0.7664,0.0,0.0,0.0,0.0,0.0,0.0,2.618,0.632,1.64,0.9482116279069768,0.35080652173913046,0.5283293513583737,MIR4712,0.5283293513583737
28784,6.703,6.369,7.876,1.652,11.72,3.478,0.8924,4.675,2.788,5.689,3.776,6.075,3.193,11.32,313.6,7.787,0.3055,2.271,7.394,5.861,5.231,0.0,1.932,2.685,1.602,3.435,6.307,4.725,0.0,9.888,3.665,3.744,1.482,0.6352,1.197,4.264,2.005,8.913,2.545,5.143,1.023,7.55,1.178,11.8,5.133,2.829,6.688,6.567,4.443,6.79,2.002,6.351,0.9511,0.0,3.999,5.201,2.286,3.966,1.113,3.451,7.367,0.7722,1.688,4.734,1.135,5.009,4.169,4.054,1.591,5.285,5.516,4.057,7.538,6.337,1.628,8.409,2.874,0.3583,3.902,1.998,3.974,1.347,0.7715,4.57,4.57,1.398,5.113,5.793,2.611,10.84,2.413,5.625,17.27,3.725,2.41,10.34,1.337,9.926,8.298,1.911,1.077,7.187,3.198,1.619,6.975,0.9785,5.592,9.108,0.2923,2.145,1.547,4.53,4.983,4.731,7.161,2.276,6.739,3.907,4.308,2.899,5.91,0.3159,4.639,3.291,5.479,10.64,7.036,2.601,10.0,4.544,2.165,5.807,7.688327906976746,5.028102173913044,0.5273746828100013,IGLV4-69,0.5273746828100013
113218486,5.867,1.877,1.121,13.63,2.638,3.189,0.9206,1.995,8.438,1.619,1.375,1.157,0.0,1.668,4.683,3.418,2.522,0.0,10.68,3.154,7.195,2.554,0.0,6.094,2.645,2.126,1.661,8.176,1.479,0.7847,2.521,2.897,3.058,1.311,3.527,1.173,2.758,0.8359,2.1,9.646,0.0,2.077,3.24,1.132,2.118,1.297,1.226,2.258,19.48,12.01,8.812,12.17,11.77,6.905,7.335,3.066,1.572,7.879,15.3,17.8,10.13,1.275,9.75,10.85,6.555,22.14,27.52,20.08,8.442,3.635,7.587,2.79,10.89,10.89,2.985,16.08,14.23,16.26,13.26,6.869,6.833,5.559,14.33,8.144,28.53,11.54,1.918,5.398,2.155,3.273,0.9955,4.298,6.478,8.276,1.421,1.58,1.576,11.43,3.804,2.366,13.33,4.237,3.99,2.505,3.198,2.423,0.0,22.88,0.0,7.744,2.737,7.01,9.766,12.76,23.33,1.565,17.11,12.73,11.03,29.91,15.68,7.82,14.81,27.16,12.47,5.63,11.83,9.604,31.16,19.24,14.3,42.52,6.594118604651163,9.901032608695653,-0.521510365671236,MIR10392,0.521510365671236
109864274,4.675,5.234,1.875,2.376,3.923,4.446,2.054,8.532,8.556,21.22,19.94,30.33,73.48,5.583,33.08,27.83,16.88,32.85,68.06,143.7,52.16,84.73,64.48,192.2,248.5,162.4,125.7,127.0,372.8,78.33,254.4,281.7,142.4,145.4,147.1,60.83,138.4,83.91,93.71,57.02,232.0,147.1,139.6,121.9,190.2,120.1,296.2,122.8,118.2,203.1,136.4,109.1,128.6,117.7,18.41,106.0,178.9,196.0,163.4,71.48,137.9,34.47,164.7,161.0,47.53,211.2,325.6,677.4,149.1,62.17,115.7,110.5,253.3,93.57,71.58,279.4,33.07,73.38,90.85,182.3,96.79,265.8,41.72,71.71,88.45,176.2,6.419,225.3,107.0,47.45,58.3,101.6,116.3,212.3,286.8,71.37,302.4,219.4,79.03,351.0,73.13,47.55,238.6,216.6,278.2,89.63,48.91,32.35,110.3,209.1,81.4,257.6,123.8,93.8,98.01,211.7,158.7,101.7,128.5,377.0,267.1,252.2,104.7,16.41,450.4,257.5,418.0,269.4,111.8,53.11,285.4,324.2,120.46946511627903,173.29280434782603,-0.5209193132071116,RNA5-8SN4,0.5209193132071116
100008587,3.716,5.201,1.863,2.361,3.411,2.651,2.041,7.372,8.076,16.6,16.25,25.86,57.36,4.623,26.82,24.63,13.97,25.96,54.95,121.2,41.86,74.29,56.11,180.8,210.3,137.5,103.7,104.9,310.6,71.74,207.4,237.1,110.1,117.6,129.0,50.05,106.6,79.67,79.14,44.9,177.8,113.9,108.2,104.2,162.6,94.15,240.9,103.9,110.5,167.5,110.2,95.44,107.1,97.3,17.27,82.4,142.9,153.5,135.7,58.2,115.7,27.9,138.5,149.2,39.44,186.5,269.5,522.9,149.2,51.7,93.19,91.99,219.3,74.86,59.55,233.1,28.92,67.18,71.73,152.3,76.49,218.7,29.99,60.09,76.37,149.1,5.315,179.0,91.96,35.97,47.44,82.88,91.18,173.6,228.3,61.29,260.7,187.4,61.14,281.9,58.5,38.44,194.4,175.8,231.0,72.94,39.64,25.81,90.23,169.2,65.21,217.1,104.0,79.47,84.46,171.7,133.4,79.92,103.6,310.5,251.9,195.0,87.07,13.17,387.1,209.0,352.1,240.7,86.81,46.48,247.6,278.0,100.17831395348836,144.09402173913045,-0.5200879745139361,RNA5-8SN5,0.5200879745139361
109617013,3.996,4.474,9.349,2.031,9.431,0.0,0.0,0.7927,0.0,0.0,0.0,3.218,0.0,0.9942,1.86,0.0,0.0,0.0,1.818,2.506,4.287,0.0,0.0,7.263,0.0,0.8446,0.0,0.0,0.0,0.0,1.502,0.0,0.0,1.562,0.0,0.0,0.0,0.0,0.0,0.0,0.0,0.0,0.0,2.699,0.0,0.0,1.462,0.0,0.0,2.385,0.0,4.462,0.0,1.176,0.0,0.0,0.0,1.445,0.0,0.0,0.0,0.0,0.0,12.93,0.0,0.0,0.0,0.0,0.0,0.0,0.0,0.0,4.634,0.0,0.8894,1.009,0.0,0.0,0.0,0.0,0.0,0.0,0.0,2.043,0.0,0.0,0.0,0.0,0.0,1.3,0.0,0.0,0.0,0.0,0.0,0.0,2.818,0.0,0.0,0.0,0.0,0.0,1.097,0.0,0.0,0.0,0.0,0.0,0.0,0.0,0.0,0.0,0.0,0.0,0.9267,0.9327,0.0,0.0,0.7305,4.753,2.076,0.0,0.0,0.0,0.0,0.0,2.563,0.0,2.008,0.0,0.0,0.9213,1.058870930232558,0.4375260869565217,0.5182652537965455,SNORD63B,0.5182652537965455
3505,6.077,2.199,7.386,2.184,2.897,3.62,1.281,4.53,9.943,2.668,4.699,1.638,2.619,26.88,243.4,8.111,0.4617,5.0,4.692,2.079,3.337,1.215,3.445,2.799,3.099,1.609,5.394,3.316,0.5415,2.126,0.09229,8.911,0.3359,1.728,0.9816,0.9448,1.515,11.08,1.846,4.521,2.783,2.129,0.5932,1.824,2.715,2.944,3.997,11.0,0.6712,3.664,2.259,20.56,2.443,0.3612,0.5371,13.02,1.036,3.462,5.436,11.99,3.562,0.2333,3.162,9.379,1.166,4.378,1.764,2.695,0.7556,0.9761,1.111,2.656,5.467,8.298,2.951,22.19,8.859,0.3248,8.323,5.231,1.601,4.682,0.816,2.982,6.905,1.004,3.02,2.71,0.6313,11.02,2.114,12.28,11.39,1.039,1.769,5.438,0.1732,3.523,6.408,3.176,3.581,12.22,2.922,1.651,3.435,2.839,4.563,276.6,0.08833,5.752,0.5344,2.51,1.242,5.884,2.62,0.745,6.031,2.672,2.469,1.314,2.551,0.3818,5.29,11.77,6.566,15.17,2.205,2.648,13.69,6.576,6.194,3.963,7.04765453488372,10.464544130434787,-0.5105387091632745,IGHGP,0.5105387091632745
102724638,1.122,1.33,0.7059,0.3355,0.3461,1.507,0.7248,1.728,0.6039,0.7648,21.29,2.338,0.7409,1.708,115.3,0.6998,0.1985,1.159,1.201,1.325,2.171,0.6031,1.381,0.6543,0.833,0.8928,1.744,1.04,0.0,2.409,0.3969,1.749,0.1204,0.4127,0.1111,0.9235,0.3258,0.9214,0.6614,1.063,1.496,1.308,0.2551,3.031,0.7505,0.6127,1.207,1.245,1.714,1.261,1.171,1.327,0.3862,0.3883,1.299,3.259,0.8664,0.6203,0.6627,2.102,0.4787,0.2007,1.152,2.393,0.6636,1.511,2.98,1.581,0.6646,1.049,0.4978,0.7688,1.898,0.9436,0.1763,2.599,2.148,0.4656,0.7209,0.9735,0.8608,0.3283,0.5013,0.5062,0.4188,0.3975,1.737,2.671,0.8484,4.037,0.7838,1.76,6.019,0.7447,1.007,2.364,0.9308,1.462,1.198,1.118,0.6999,1.751,1.595,0.526,1.763,2.289,1.635,4.503,0.4748,5.487,0.6464,1.227,1.093,2.542,1.592,0.4929,2.779,0.6012,0.2895,0.6279,0.4114,0.3079,1.109,0.3564,0.9207,1.507,1.101,1.245,1.326,0.5439,1.688,1.156,2.620718604651161,1.542773913043478,0.5098728650132317,LOC102724638,0.5098728650132317
28493,0.0,0.0,0.0,3.902,0.0,7.302,0.0,3.046,0.0,3.707,0.0,0.0,0.0,0.0,0.0,0.0,0.0,0.0,0.0,0.0,0.0,0.0,0.0,0.0,0.0,0.0,0.0,0.0,0.0,0.0,0.0,8.844,0.0,0.0,0.0,0.0,0.0,0.0,0.0,0.0,0.0,0.0,0.0,5.185,4.85,0.0,0.0,0.0,0.0,0.0,0.0,0.0,0.0,0.0,0.0,0.0,0.0,0.0,0.0,0.0,0.0,0.0,0.0,9.939,0.0,0.0,0.0,0.0,4.295,0.0,0.0,0.0,0.0,0.0,0.0,0.0,0.0,0.0,0.0,0.0,0.0,0.0,0.0,0.0,0.0,0.0,0.0,3.531,0.0,0.0,4.558,0.0,0.0,0.0,6.505,0.0,0.0,0.0,0.0,0.0,0.0,4.85,0.0,0.0,0.0,0.0,0.0,0.0,0.0,0.0,0.0,0.0,0.0,6.876,3.561,0.0,0.0,0.0,0.0,0.0,0.0,0.0,0.0,0.0,0.0,25.78,0.0,0.0,0.0,0.0,2.727,0.0,0.5938372093023255,1.2693043478260868,-0.5097458256255147,IGHD4-23,0.5097458256255147
28509,0.0,9.606,0.0,0.0,0.0,0.0,0.0,0.0,0.0,0.0,0.0,1.974,0.0,0.0,0.0,0.0,0.0,0.0,0.0,0.0,0.0,0.0,4.08,0.0,0.0,0.0,0.0,0.0,0.0,0.0,0.0,0.0,0.0,0.0,0.0,0.0,0.0,12.83,0.0,0.0,0.0,0.0,0.0,5.795,0.0,0.0,0.0,0.0,0.0,0.0,0.0,4.79,0.0,0.0,0.0,0.0,0.0,0.0,0.0,0.0,0.0,0.0,0.0,0.0,0.0,0.0,17.61,0.0,0.0,0.0,0.0,0.0,0.0,0.0,0.0,0.0,0.0,0.0,0.0,0.0,0.0,0.0,0.0,0.0,0.0,0.0,0.0,0.0,0.0,0.0,0.0,0.0,0.0,0.0,0.0,0.0,0.0,2.437,0.0,0.0,0.0,2.71,0.0,0.0,0.0,0.0,0.0,0.0,0.0,0.0,0.0,0.0,0.0,0.0,0.0,0.0,0.0,0.0,0.0,0.0,0.0,0.0,0.0,0.0,0.0,0.0,0.0,0.0,0.0,2.525,0.0,0.0,0.6591279069767442,0.16678260869565217,0.5078893244883088,IGHD1-7,0.5078893244883088
51191,1.103,4.535,7.712,4.816,5.216,1.651,3.912,0.7605,0.6453,3.196,0.7811,3.345,0.7714,1.26,1.381,1.077,1.931,1.04,7.734,13.29,2.483,1.074,1.926,9.418,0.6561,12.7,1.828,1.479,0.7338,4.756,1.74,1.083,0.4948,0.622,0.5327,1.67,0.6843,1.479,3.896,1.706,2.277,1.255,0.7164,1.979,0.6397,1.399,20.07,0.6333,0.7168,1.727,3.03,3.251,0.7196,1.405,2.452,2.844,0.373,2.249,16.26,1.382,0.6995,0.4262,17.19,6.181,1.677,3.423,1.163,1.624,0.5665,3.032,3.082,4.333,1.527,3.267,0.9337,4.272,13.56,12.73,1.519,1.037,6.103,1.229,2.61,1.396,25.57,8.06,3.869,1.381,0.7439,2.247,1.117,1.335,0.9782,0.5356,4.658,4.465,0.9861,1.654,1.416,0.6975,0.9828,2.228,4.648,1.171,1.403,0.5749,1.419,4.459,2.264,4.653,0.5116,1.697,4.114,1.847,1.929,5.132,1.431,0.7687,1.137,2.624,1.991,1.35,3.654,1.831,0.7568,2.745,1.601,0.7678,1.308,1.852,12.58,1.734,3.6012639534883717,2.2445195652173915,0.5040253537991405,HERC5,0.5040253537991405
28519,0.0,3.402,4.062,0.0,3.187,5.78,0.0,0.0,0.0,0.0,0.0,3.495,0.0,0.0,2.829,0.0,0.0,0.0,0.0,3.812,2.173,0.0,0.0,0.0,0.0,0.0,2.007,0.0,0.0,0.0,9.137,0.0,5.543,0.0,2.557,0.0,0.0,0.0,0.0,0.0,0.0,0.0,2.936,4.105,0.0,0.0,0.0,0.0,0.0,0.0,0.0,1.697,0.0,0.0,0.0,0.0,0.0,0.0,0.0,0.0,0.0,0.0,0.0,0.0,1.697,0.0,0.0,0.0,0.0,0.0,0.0,0.0,0.0,0.0,0.0,0.0,0.0,0.0,0.5722,0.0,2.477,0.0,0.0,0.0,0.0,0.0,0.0,0.0,0.0,0.0,1.804,0.0,0.0,0.0,0.0,0.0,0.0,0.0,1.724,0.0,0.0,0.0,2.225,0.0,0.0,0.0,0.0,0.0,0.0,0.0,0.0,0.0,0.0,0.0,0.0,0.0,0.0,0.0,1.111,0.0,0.0,0.0,0.0,0.0,0.0,0.0,0.0,0.0,0.0,0.0,0.0,2.802,0.7147465116279071,0.2101304347826087,0.5028327629364041,TRDJ4,0.5028327629364041
102723407,1.13,0.23,7.141,0.0,5.602,1.954,0.7896,2.445,1.316,0.6943,1.348,1.796,0.4613,5.009,2.487,0.3351,0.618,0.9842,2.43,1.031,1.322,1.095,1.368,1.901,0.162,0.08684,1.561,0.6936,0.0,1.635,0.6177,4.023,0.9368,0.1606,0.5187,0.0,2.112,2.151,0.7721,0.2364,0.0,0.509,0.9925,2.775,0.7787,0.6357,0.3757,3.182,0.2808,0.981,0.3374,3.441,0.6011,1.088,0.0,0.9393,0.3853,0.9654,0.2813,5.017,0.0,0.7028,0.3414,0.7979,0.2295,0.4522,6.886,1.64,0.1149,0.0,0.4648,1.197,0.1906,4.138,0.2743,6.637,0.2907,0.9058,2.785,0.3367,0.5024,0.3406,1.755,0.2101,0.474,0.7954,0.3526,0.7559,0.5282,5.08,0.6099,10.01,1.588,1.449,1.045,5.808,2.414,2.159,10.84,1.739,1.634,1.038,0.9778,0.2047,0.5225,0.09896,1.697,17.12,0.1478,0.9489,0.1118,4.199,0.4409,0.9201,2.668,0.0,4.325,1.975,0.4506,2.199,1.494,0.0,1.815,0.9706,2.293,2.897,0.6588,0.6923,4.644,3.023,0.3649,1.421,1.339331860465116,2.3115491304347833,-0.5014097236576146,LOC102723407,0.5014097236576146
100189090,2.026,0.0,2.708,0.0,3.187,3.854,0.0,0.8037,4.634,0.9781,0.5538,0.466,2.274,0.0,0.0,11.57,0.0,0.0,3.687,0.0,1.449,1.543,0.0,4.686,0.0,1.713,0.0,0.0,0.0,1.896,3.046,0.0,1.848,0.0,0.0,0.0,0.0,0.0,5.076,2.331,0.0,5.02,0.0,0.0,3.839,0.0,0.0,1.364,0.0,2.418,2.662,1.131,0.0,0.0,0.0,0.0,0.0,0.7323,3.698,0.0,0.0,0.0,5.049,0.0,0.0,1.784,1.386,0.0,1.133,0.0,1.528,0.0,4.698,1.316,1.803,0.0,6.449,0.0,0.3815,1.66,0.0,0.0,1.923,0.0,2.337,0.0,0.0,0.0,0.0,0.0,0.0,1.039,1.566,1.429,0.0,1.909,0.0,0.5755,0.0,0.0,0.0,0.0,0.0,0.0,0.0,0.0,0.0,0.0,1.457,2.673,0.0,0.0,0.6211,0.0,0.0,0.0,0.0,0.0,2.222,4.819,0.0,0.0,0.0,0.0,0.942,0.0,0.0,2.731,4.071,0.0,2.159,0.9341,1.3097837209302328,0.6336456521739129,0.49966268171487427,TRC-GCA4-1,0.49966268171487427
100189380,2.054,4.6,1.373,3.133,0.0,3.908,12.41,1.63,7.519,0.9919,4.493,3.781,0.0,5.111,3.826,4.189,4.635,1.64,22.43,20.62,8.816,18.77,3.908,13.58,4.861,3.474,7.464,1.541,1.812,7.692,3.089,3.55,0.0,1.606,4.322,2.874,1.69,23.56,2.574,7.092,2.587,2.545,4.963,2.775,3.893,1.589,6.763,1.384,1.404,2.452,2.025,4.588,1.202,1.209,8.987,3.757,1.926,7.426,1.875,4.363,2.483,0.0,8.534,5.32,2.295,4.522,5.621,6.15,5.747,5.939,4.648,0.0,4.765,1.335,0.0,1.037,1.453,5.435,2.321,1.683,1.675,0.0,1.951,3.151,5.333,6.187,1.175,1.89,2.641,2.005,1.22,3.16,3.175,2.897,3.482,7.744,0.9658,1.751,2.331,0.9663,5.447,3.894,3.009,0.0,3.919,0.9896,1.414,0.0,4.434,0.0,1.118,0.0,2.519,1.84,5.717,2.877,6.553,2.079,2.253,4.886,4.269,4.791,3.098,2.773,2.866,4.139,3.953,2.769,3.096,7.255,2.92,2.842,4.487405813953489,2.8939717391304343,0.4948818587868091,TRG-GCC2-1,0.4948818587868091
10398,18.27,26.61,34.02,6.546,9.17,4.382,12.82,4.403,26.56,17.11,13.17,6.889,14.34,17.19,1.267,21.54,27.13,3.721,3.478,3.71,13.18,11.16,4.656,10.8,7.02,5.223,4.479,4.929,1.986,5.636,0.9445,6.453,6.112,7.898,9.253,32.31,6.568,28.66,2.82,12.05,16.15,6.94,17.38,3.713,4.862,8.262,12.06,9.837,5.331,13.94,5.607,3.888,31.86,10.63,6.184,54.58,9.622,5.526,18.88,10.62,7.151,1.632,15.96,6.982,0.4971,1.475,3.008,27.85,4.569,19.56,11.57,14.94,2.04,12.18,12.61,15.36,2.555,2.262,8.646,10.47,2.305,8.636,7.506,9.142,2.476,18.04,16.11,1.517,4.576,5.723,5.907,5.583,11.85,3.434,1.908,7.648,9.106,1.681,24.74,6.403,2.741,10.58,7.361,1.46,10.45,9.381,5.369,13.11,5.687,10.16,32.62,4.305,5.49,5.721,1.578,7.551,5.277,5.59,9.493,3.3,5.385,2.279,7.512,7.527,3.189,5.837,9.57,11.5,8.417,8.382,6.064,4.611,10.92741395348837,7.471369565217391,0.49361414465199654,MYL9,0.49361414465199654
100616371,4.108,4.6,1.373,1.044,1.077,3.908,1.128,0.8151,1.88,0.0,0.0,2.363,0.0,3.067,0.0,1.676,0.0,3.281,3.739,1.288,1.469,0.0,4.885,3.394,3.241,3.474,2.714,2.312,0.0,2.884,0.0,0.0,1.874,0.0,2.593,0.0,4.225,5.121,0.0,0.0,2.587,0.0,2.978,1.388,1.298,7.946,0.7514,6.918,2.808,4.905,0.6749,5.735,4.809,4.835,0.0,0.0,3.853,0.0,2.813,4.363,2.483,3.124,0.8534,2.66,1.148,4.522,5.621,0.0,2.299,0.0,1.549,0.0,1.906,1.335,0.9144,2.074,6.54,1.812,1.547,1.683,1.675,1.703,0.0,3.151,1.778,2.651,0.0,3.779,5.282,3.342,1.22,7.373,3.175,0.0,3.482,1.936,0.9658,2.918,4.662,4.832,1.362,5.192,2.257,2.047,1.306,1.979,4.242,2.002,0.0,4.067,4.471,3.818,1.89,2.76,4.764,0.9589,9.175,11.44,3.755,0.0,2.134,1.597,2.656,4.16,1.911,8.278,6.588,4.154,7.224,2.418,3.649,2.842,2.1537697674418608,3.4361673913043473,-0.4922364603286574,MIR4746,0.4922364603286574
28474,6.197,0.0,14.09,1.68,15.39,0.786,1.815,0.9836,0.7562,3.392,4.97,7.509,3.711,2.056,345.5,4.887,1.554,23.43,1.88,9.329,4.433,1.888,1.965,1.365,2.282,0.6987,5.596,0.775,1.094,14.89,4.659,0.714,2.638,1.292,0.5216,4.625,1.87,4.12,4.659,5.23,1.561,9.726,5.59,15.91,1.305,5.434,8.917,8.348,8.471,5.426,8.009,16.15,3.385,0.4863,2.712,28.34,1.162,4.332,6.789,12.72,0.4995,2.356,10.13,42.8,0.2308,4.002,6.501,11.55,0.9247,13.14,1.87,1.375,0.0,5.907,0.5518,20.23,22.95,1.822,3.813,1.693,4.042,2.398,4.708,3.169,4.29,2.133,3.546,2.661,2.125,22.45,2.208,17.8,16.6,3.205,3.151,1.558,2.525,11.15,12.89,2.527,0.8216,4.96,4.841,0.2058,11.56,3.981,3.413,11.88,0.8918,61.62,2.023,5.183,2.66,6.477,12.46,3.857,1.318,4.809,1.208,9.337,2.146,1.606,4.362,5.578,0.0,0.0,1.855,3.481,10.38,5.229,7.928,7.049,9.803374418604648,6.685134782608697,0.49133953914900824,IGHV1-2,0.49133953914900824
692063,2.411,12.15,7.252,7.353,15.8,10.32,2.648,1.435,2.758,1.164,8.898,1.109,2.707,2.999,1.122,0.9832,2.72,8.663,5.485,20.41,5.173,7.344,0.0,1.195,0.0,1.529,2.787,0.9044,1.063,11.85,15.4,1.389,0.0,0.0,0.0,0.0,1.487,4.808,3.02,1.387,0.0,1.493,0.0,1.628,2.285,0.0,0.8819,0.8118,4.119,0.0,5.148,2.019,0.0,0.7093,3.955,3.307,1.13,7.408,0.5502,3.84,0.0,0.0,7.511,1.561,7.407,0.5307,3.298,1.203,2.698,0.0,0.9092,0.0,2.237,1.567,1.073,3.651,14.92,4.252,0.681,0.0,0.0,1.999,0.0,12.64,2.434,1.037,2.069,2.772,3.099,0.7844,0.7158,0.6181,0.0,2.55,5.107,0.0,0.5667,8.219,2.052,0.567,2.397,13.71,5.958,0.6004,3.833,0.5807,0.8296,0.0,0.8672,3.977,0.0,0.0,0.0,1.62,0.5591,1.125,2.307,0.0,0.8814,0.0,2.505,1.874,4.415,7.323,1.121,0.8096,2.319,0.0,0.6056,2.483,2.57,2.223,3.3560197674418606,2.1002956521739127,0.49060469978888854,SNORA32,0.49060469978888854
692072,1.998,2.237,1.336,2.031,1.048,1.9,1.097,0.0,0.9142,2.894,0.0,3.218,4.486,0.0,0.0,2.444,1.503,0.0,0.0,5.013,4.287,7.608,0.0,3.962,0.0,0.0,0.66,0.0,0.0,0.9351,6.008,2.302,0.0,0.0,0.0,0.0,0.0,0.0,5.006,0.0,0.0,2.475,0.0,0.0,0.0,0.0,0.7309,0.0,4.096,0.0,0.0,1.116,0.0,0.0,0.0,0.0,0.0,5.056,0.0,0.0,0.0,0.0,4.15,2.587,2.232,0.8797,0.0,0.0,2.236,0.0,0.0,0.0,3.707,0.0,0.0,0.0,0.0,3.524,1.129,0.0,1.629,0.0,0.0,2.043,4.034,0.0,2.286,1.838,2.568,0.6501,0.0,0.0,0.0,0.0,0.0,0.0,0.0,0.0,1.134,0.0,0.0,3.787,0.0,0.0,0.0,0.0,0.0,0.0,0.0,0.0,0.0,0.9283,0.0,0.0,0.9267,0.0,0.0,0.0,0.0,0.0,4.152,1.553,0.8609,0.0,0.0,0.0,1.281,2.693,0.0,1.176,0.0,0.9213,1.215254651162791,0.5816369565217392,0.48605406450489047,SNORD5,0.48605406450489047
28941,12.47,1.861,17.5,0.8449,17.0,14.23,3.879,7.749,3.232,5.217,5.453,7.265,1.866,39.7,22.44,13.05,0.9375,12.94,14.75,13.29,26.75,2.532,5.731,7.415,0.6556,6.324,5.627,2.338,3.666,12.64,2.499,2.394,3.032,1.624,1.049,5.233,2.051,5.594,4.165,11.48,3.14,7.722,3.012,24.98,2.363,4.5,9.88,9.235,5.396,17.36,3.822,13.46,1.216,0.7335,6.817,48.64,0.3897,5.108,4.173,10.15,3.014,1.106,9.149,15.06,0.9285,8.05,6.254,4.562,2.325,9.01,4.388,5.532,9.059,8.911,2.035,6.503,15.43,0.3664,11.03,6.81,3.387,3.789,1.973,1.062,13.42,3.039,20.44,5.543,2.137,20.01,3.208,7.883,11.56,2.344,2.465,5.483,1.563,4.132,5.894,2.932,4.682,14.96,10.57,1.656,12.68,1.802,6.578,121.5,0.0,10.97,3.844,5.406,4.332,8.375,3.662,3.104,10.07,2.103,4.102,6.919,1.295,0.0,10.74,73.77,5.797,33.77,13.59,1.26,13.99,16.02,11.81,2.299,7.753070930232555,11.244565217391301,-0.4842803808286186,IGKV1-9,0.4842803808286186
100847028,2.752,3.081,1.84,1.399,0.0,5.235,0.0,0.0,1.259,0.0,3.009,0.0,0.0,5.478,0.0,1.122,0.0,0.0,0.0,13.81,1.968,0.0,1.309,6.366,0.0,1.163,0.909,5.162,0.0,0.0,2.069,1.585,0.0,6.454,0.0,0.0,0.0,1.372,3.448,0.0,3.466,0.0,0.0,3.717,3.477,0.0,1.007,1.853,3.762,0.0,0.0,6.146,0.0,3.239,0.0,0.0,0.0,1.99,6.28,5.844,0.0,0.0,0.0,3.563,0.0,7.27,7.53,2.746,4.619,0.0,0.0,0.0,0.0,0.0,0.0,6.946,5.84,0.0,0.0,4.51,0.0,0.0,2.613,0.7036,3.969,0.0,1.574,2.531,0.0,0.0,0.0,2.822,0.0,7.763,6.996,0.0,0.0,5.473,1.561,1.295,0.0,6.955,6.046,1.371,1.75,0.0,0.0,6.706,0.0,1.816,1.497,3.836,2.531,4.93,3.829,2.569,1.756,0.0,0.0,0.0,14.3,0.0,1.779,7.43,8.958,0.0,0.0,8.346,0.0,7.29,6.844,8.883,1.8823325581395345,3.0312391304347828,-0.4839865648699869,MIR5587,0.4839865648699869
6614,0.482,1.103,1.457,4.176,2.649,0.897,1.369,0.2245,0.326,6.233,0.2464,0.6171,0.3764,1.689,0.8195,0.4359,2.868,0.502,1.392,1.972,0.9143,0.8139,0.6678,2.008,0.5124,16.93,1.211,1.226,0.1664,0.4806,0.2678,0.6398,0.7454,0.5242,0.1852,0.7917,0.5948,1.62,1.208,1.037,0.9765,0.4933,0.486,1.09,0.6222,1.07,13.95,0.7339,0.4726,0.7505,1.404,3.955,0.6623,2.059,0.7105,0.3449,0.3537,0.9318,22.79,0.9346,0.684,0.1673,6.825,8.221,0.3044,1.255,1.204,0.8156,0.1993,0.7421,0.7429,3.522,0.6124,1.784,0.4478,1.947,17.15,7.725,0.3946,0.5495,6.167,0.8165,1.313,0.8787,17.89,2.939,2.494,0.9542,0.02694,1.084,0.8586,2.815,0.664,0.6207,1.634,0.8295,0.3744,0.8156,0.7371,0.6112,0.2222,0.993,1.024,0.7098,1.186,0.4442,0.4327,4.432,0.9498,1.95,0.1368,0.37,4.44,1.708,1.662,1.8,0.6819,0.8802,0.5363,2.318,0.8491,0.6191,0.894,1.287,0.497,1.295,0.336,0.8192,0.8317,1.221,13.37,0.947,2.354267441860464,1.3991791304347823,0.48345684428762137,SIGLEC1,0.48345684428762137
3047,105.8,95.08,69.28,99.4,126.8,11.16,1197.0,156.7,78.05,789.6,208.4,172.6,35.05,81.03,949.7,132.6,15.59,115.3,57.73,134.4,404.6,673.3,166.8,58.76,328.8,2707.0,1044.0,385.5,453.2,1726.0,113.2,658.6,415.9,105.2,543.4,814.1,221.5,4.109,2775.0,52.02,36.8,262.4,82.42,231.6,95.62,582.1,53.17,107.5,14.85,72.45,447.2,342.7,186.8,792.7,797.6,313.8,69.56,64.65,98.15,144.3,135.0,2014.0,56.44,46.56,634.8,100.9,129.8,54.33,24.87,101.4,137.9,65.05,563.7,490.2,108.7,310.7,218.2,45.81,241.2,115.4,2447.0,254.5,624.6,589.2,212.6,1053.0,491.1,364.8,965.1,27.14,1739.0,1008.0,93.23,43.5,368.5,60.02,168.3,34.91,101.6,105.6,4535.0,119.5,434.5,26.62,25.57,2276.0,3966.0,173.7,2614.0,135.8,395.4,218.4,959.0,745.4,46.34,73.68,776.6,312.7,104.7,102.2,68.25,13.01,65.43,566.9,199.5,39.75,103.0,202.3,18.57,76.52,70.28,253.4,393.6568488372094,549.7569565217393,-0.48081702665421894,HBG1,0.48081702665421894
383,0.4957,3.664,1.127,1.663,0.832,0.7545,0.7078,2.006,4.99,0.1915,0.9759,0.7984,0.6679,0.7401,0.8309,0.3639,0.07457,1.584,11.1,7.152,1.135,5.135,0.4716,2.064,1.408,1.216,2.358,0.4464,0.4374,5.987,0.969,0.514,6.33,0.6976,1.127,1.804,0.4078,3.016,2.112,1.255,0.6244,0.6142,0.6228,1.473,0.2506,0.6136,1.56,1.402,0.8132,0.7102,1.987,2.325,0.5222,1.692,1.193,1.541,0.5579,2.437,0.9957,0.1053,0.9589,0.3392,1.854,0.6419,1.495,1.964,0.4748,0.1979,0.4993,0.2866,3.141,0.2475,2.208,0.06444,0.5738,0.0,0.5612,1.661,0.3734,1.137,0.08083,0.2466,0.9415,3.372,3.461,1.237,0.1134,1.049,0.7648,1.194,0.6477,0.7626,0.3831,0.2098,0.6722,0.7476,0.5128,1.38,0.3938,0.2799,0.4601,0.4698,1.38,0.7903,0.6305,0.9553,1.979,0.3382,3.495,0.5234,0.6474,0.4607,0.1824,0.5329,0.5059,2.083,0.8857,0.4014,0.0725,1.769,1.133,0.3083,1.709,1.405,0.1383,0.9989,0.9539,0.6348,0.3487,0.1459,1.022,0.3658,1.507766744186047,0.8007999999999997,0.4777652025606636,ARG1,0.4777652025606636
54435,0.03569,0.0,0.04772,0.03629,0.07488,0.0,0.0,0.0,3.299,0.2068,1.347,0.09854,0.0,0.1066,1.994,0.0,0.0,0.05701,2.274,0.0,0.3064,0.05437,0.1358,0.0,0.05632,0.0,0.0,0.02678,0.0,0.568,0.05367,5.14,0.0,0.5023,0.0,0.04995,0.0,0.0356,0.3578,0.0,0.0,0.2653,1.966,0.04822,0.1353,0.05523,0.07834,0.0,0.0,0.0,0.0,0.0,0.04178,0.0,0.0,0.0,0.06695,0.0,0.0,0.0,0.0,0.0,0.0,0.0,2.871,7.261,0.04884,3.847,0.0,0.0,0.0,0.0,0.1325,0.1392,0.0,4.757,0.101,0.0,3.025,0.0,0.0,3.018,0.0,0.07301,0.0,0.03071,0.08168,0.06567,0.0,0.0,0.3391,0.1464,0.05517,0.1007,0.0605,0.0,0.0,2.941,0.0405,0.0,0.0,0.1128,0.03921,3.912,3.178,0.0,0.0,0.03479,0.0,0.0,0.03885,2.853,3.086,6.235,0.0,0.0,0.1366,0.0,0.0261,0.0,0.0,5.661,0.07691,0.04819,0.0,0.0,12.18,0.0,0.03587,0.02101,3.348,6.386,0.5212313953488371,1.1139141304347826,-0.4746771551237083,HCG4,0.4746771551237083
6983,2.989,2.677,1.598,0.4051,2.508,1.895,4.158,0.0,0.547,1.347,0.3268,5.959,1.79,1.586,2.968,0.0,0.0,2.546,4.714,2.499,7.981,1.517,2.085,2.107,0.3144,1.516,3.554,2.392,0.0,6.715,1.498,0.2296,3.271,0.0,2.18,0.5576,0.9835,0.7948,3.495,3.21,0.0,1.481,0.3851,2.153,0.5035,0.9248,2.041,1.61,0.2724,1.427,4.451,5.34,0.0,0.469,14.38,0.0,2.99,8.644,1.819,4.655,0.0,0.6059,2.318,3.096,2.671,1.755,0.2726,0.0,0.8918,0.0,0.3006,0.3316,0.7394,3.367,0.0,4.627,3.665,5.271,3.152,1.306,1.299,0.3304,1.514,2.343,2.759,4.801,1.824,15.76,2.049,5.186,0.4733,2.043,2.772,4.216,0.3377,1.502,4.122,3.623,0.0,3.562,1.585,6.42,3.867,4.367,6.335,0.7679,7.68,3.107,3.44,1.315,0.2168,0.7406,3.421,0.5354,1.664,0.372,3.814,2.622,2.768,3.318,8.281,0.3098,3.091,5.918,3.521,9.368,4.601,0.0,2.002,4.574,6.655,1.654,2.161347674418604,3.386967391304348,-0.47268427599254087,TRGV9,0.47268427599254087
100616374,12.15,5.444,32.5,4.943,7.649,20.81,8.009,7.716,1.112,3.521,13.29,17.34,2.729,27.82,20.37,29.74,3.656,17.47,86.27,53.36,43.47,22.22,27.75,8.837,1.918,16.44,32.12,5.472,2.144,47.79,10.96,28.01,0.0,3.801,5.115,15.31,9.999,38.79,21.32,27.97,0.0,36.14,2.349,105.1,36.86,5.642,21.34,24.56,31.57,31.92,3.194,24.43,8.536,1.43,2.659,20.01,4.559,30.76,2.219,18.07,14.69,3.696,25.25,25.18,6.789,17.12,99.78,2.426,28.56,12.3,22.0,10.11,10.15,15.8,2.164,36.82,30.09,15.01,26.55,21.91,15.85,6.046,43.85,8.701,44.87,11.5,9.735,25.72,15.62,35.59,4.331,56.09,58.24,29.14,14.42,25.2,10.29,46.27,44.13,35.45,11.28,32.25,20.47,14.53,17.0,1.171,8.365,39.09,3.498,28.87,9.259,33.88,12.67,20.69,50.74,28.37,12.41,7.381,26.66,66.5,27.78,13.23,12.57,14.77,35.04,17.96,56.13,9.011,50.07,35.77,36.28,125.5,19.929011627906974,28.030891304347822,-0.47208468420228794,MIR4539,0.47208468420228794
28921,8.913,6.351,23.02,4.943,17.21,26.59,6.897,16.72,11.49,8.021,9.415,14.82,6.368,32.86,179.9,19.83,2.742,9.059,21.01,18.55,22.89,0.6171,11.37,4.954,7.031,3.768,8.297,7.295,1.787,20.86,5.787,12.6,4.804,2.217,2.387,4.535,4.833,11.11,6.091,13.05,2.551,10.04,4.111,17.24,7.935,7.209,8.892,18.28,7.753,11.12,6.921,28.28,4.031,3.814,2.659,50.39,4.939,3.076,5.918,20.65,10.28,2.31,8.079,25.7,5.205,5.173,13.58,5.256,6.8,9.956,5.806,10.11,16.54,13.95,2.345,14.52,28.95,2.501,7.172,6.972,5.615,4.702,5.001,6.215,13.09,5.404,16.46,7.826,2.604,18.06,10.59,24.1,14.72,5.429,3.777,16.42,4.952,13.58,14.71,8.005,6.714,12.54,17.06,3.229,13.91,4.098,6.971,67.33,3.789,274.0,7.275,8.847,8.571,10.16,7.705,3.782,31.54,5.331,11.11,10.12,10.52,6.3,9.515,8.751,12.43,21.5,15.33,3.823,17.71,8.943,8.925,10.46,12.418989534883718,17.598304347826087,-0.4708950542926973,IGKV2-28,0.4708950542926973
28693,0.8948,0.0,1.495,0.0,4.458,1.277,1.965,1.598,0.8188,1.512,2.446,1.235,0.0,1.336,1.666,4.379,0.6729,0.3573,4.478,1.403,3.2,0.0,3.192,1.774,2.47,1.135,1.626,1.175,0.3947,7.538,3.027,2.062,1.224,0.6995,0.1883,1.565,0.0,5.8,2.803,1.03,1.127,1.109,1.513,4.835,1.413,2.077,0.1637,0.3013,2.752,6.944,0.0,0.9992,1.833,0.2633,0.0,1.637,0.4195,1.617,0.6126,0.9502,1.622,1.02,0.3717,2.317,0.2499,1.97,3.673,0.0,0.2503,3.88,0.6749,0.0,1.66,2.326,0.1992,1.355,3.323,1.184,1.601,0.0,1.459,0.7418,1.274,0.4575,0.6452,0.5775,4.607,6.791,1.15,1.165,0.797,2.065,1.729,1.893,11.37,4.638,1.052,1.907,2.538,0.2105,2.372,3.109,3.522,0.8915,3.129,0.8621,0.0,2.398,0.0,4.724,0.9738,3.326,0.9602,1.202,8.301,0.6265,11.99,1.811,3.435,1.064,1.859,1.043,0.3856,2.416,1.456,0.0,2.296,2.714,2.023,3.029,2.543,2.063,1.5848151162790693,2.5747217391304345,-0.46776985227405454,TRAV1-1,0.46776985227405454
28486,0.0,0.0,0.0,0.0,0.0,0.0,0.0,0.0,0.0,0.0,0.0,0.0,0.0,0.0,0.0,0.0,0.0,0.0,0.0,0.0,0.0,0.0,0.0,0.0,0.0,2.936,0.0,0.0,0.0,0.0,10.44,0.0,0.0,0.0,0.0,0.0,0.0,0.0,0.0,0.0,0.0,0.0,0.0,4.691,0.0,0.0,0.0,0.0,0.0,0.0,0.0,3.878,0.0,0.0,0.0,0.0,0.0,0.0,0.0,0.0,0.0,0.0,0.0,8.993,3.88,0.0,0.0,0.0,3.886,0.0,0.0,0.0,3.222,0.0,0.0,0.0,0.0,0.0,0.0,0.0,0.0,0.0,0.0,0.0,0.0,0.0,0.0,0.0,0.0,0.0,0.0,0.0,0.0,4.898,0.0,0.0,0.0,0.0,0.0,0.0,0.0,4.388,2.543,0.0,0.0,0.0,0.0,0.0,0.0,9.166,0.0,0.0,4.259,0.0,9.665,3.242,0.0,0.0,0.0,0.0,0.0,0.0,0.0,0.0,0.0,0.0,0.0,0.0,6.979,0.0,0.0,3.203,0.48751162790697683,1.0509347826086957,-0.46338067044770065,IGHD6-19,0.46338067044770065
28426,0.6163,0.46,0.0,0.4177,0.8619,0.3908,0.0,0.0,0.5639,0.1984,0.5616,0.189,0.0,4.293,0.7651,1.34,0.0,0.3281,1.495,0.7731,1.175,0.0,0.3908,0.0,0.0,1.042,0.5428,0.1541,0.3624,0.9615,0.3089,0.9467,0.0,0.3212,0.0,0.0,0.507,0.6146,0.0,0.9456,0.0,0.509,0.0,0.8325,0.5191,0.0,1.954,2.214,0.8424,4.414,0.4049,0.0,0.4809,0.0,0.8987,0.0,0.3853,0.1485,0.1875,1.745,0.0,0.1562,0.512,1.064,0.0,0.5427,2.248,0.41,0.6896,0.2969,1.24,0.0,3.43,0.534,0.3658,0.4148,0.1453,0.3623,0.4642,0.6733,0.0,0.0,0.3901,0.0,0.0,0.3535,1.88,0.5669,1.056,2.674,0.0,0.632,2.54,0.8692,0.0,0.0,0.3863,1.868,1.865,0.5798,0.2723,3.894,2.257,0.2047,0.2613,0.0,0.0,11.81,1.182,5.422,0.0,1.145,0.126,1.472,2.477,0.0,0.7864,0.0,0.751,0.4886,0.4269,0.3194,0.9737,0.0,0.3821,3.035,0.527,0.0,1.238,0.3628,0.4379,0.0,0.5971511627906974,1.1993326086956522,-0.46156493837985557,IGHV3-43,0.46156493837985557
